Region;Alder;Tid;value
0101;F0-19;2013;7170
0101;F0-19;2014;7183
0101;F0-19;2015;7126
0101;F20-64;2013;17287
0101;F20-64;2014;17399
0101;F20-64;2015;17524
0101;F65+;2013;5423
0101;F65+;2014;5550
0101;F65+;2015;5678
0104;F0-19;2013;7295
0104;F0-19;2014;7309
0104;F0-19;2015;7357
0104;F20-64;2013;18150
0104;F20-64;2014;18216
0104;F20-64;2015;18473
0104;F65+;2013;5543
0104;F65+;2014;5783
0104;F65+;2015;5972
0105;F0-19;2013;13190
0105;F0-19;2014;13177
0105;F0-19;2015;13167
0105;F20-64;2013;31144
0105;F20-64;2014;31345
0105;F20-64;2015;31325
0105;F65+;2013;9362
0105;F65+;2014;9537
0105;F65+;2015;9700
0106;F0-19;2013;18596
0106;F0-19;2014;18583
0106;F0-19;2015;18622
0106;F20-64;2013;45002
0106;F20-64;2014;45497
0106;F20-64;2015;45698
0106;F65+;2013;13209
0106;F65+;2014;13511
0106;F65+;2015;13839
0111;F0-19;2013;921
0111;F0-19;2014;922
0111;F0-19;2015;922
0111;F20-64;2013;2502
0111;F20-64;2014;2540
0111;F20-64;2015;2569
0111;F65+;2013;861
0111;F65+;2014;924
0111;F65+;2015;989
0118;F0-19;2013;343
0118;F0-19;2014;330
0118;F0-19;2015;323
0118;F20-64;2013;786
0118;F20-64;2014;778
0118;F20-64;2015;789
0118;F65+;2013;296
0118;F65+;2014;300
0118;F65+;2015;294
0119;F0-19;2013;811
0119;F0-19;2014;788
0119;F0-19;2015;795
0119;F20-64;2013;1992
0119;F20-64;2014;1995
0119;F20-64;2015;1974
0119;F65+;2013;784
0119;F65+;2014;813
0119;F65+;2015;844
0121;F0-19;2013;155
0121;F0-19;2014;150
0121;F0-19;2015;144
0121;F20-64;2013;377
0121;F20-64;2014;360
0121;F20-64;2015;373
0121;F65+;2013;159
0121;F65+;2014;162
0121;F65+;2015;155
0122;F0-19;2013;1267
0122;F0-19;2014;1270
0122;F0-19;2015;1256
0122;F20-64;2013;3060
0122;F20-64;2014;3109
0122;F20-64;2015;3095
0122;F65+;2013;946
0122;F65+;2014;987
0122;F65+;2015;995
0123;F0-19;2013;1376
0123;F0-19;2014;1422
0123;F0-19;2015;1451
0123;F20-64;2013;3165
0123;F20-64;2014;3231
0123;F20-64;2015;3236
0123;F65+;2013;933
0123;F65+;2014;967
0123;F65+;2015;1005
0124;F0-19;2013;3776
0124;F0-19;2014;3778
0124;F0-19;2015;3820
0124;F20-64;2013;9060
0124;F20-64;2014;9098
0124;F20-64;2015;9049
0124;F65+;2013;2479
0124;F65+;2014;2554
0124;F65+;2015;2644
0125;F0-19;2013;2761
0125;F0-19;2014;2776
0125;F0-19;2015;2786
0125;F20-64;2013;6465
0125;F20-64;2014;6548
0125;F20-64;2015;6509
0125;F65+;2013;1969
0125;F65+;2014;1999
0125;F65+;2015;2058
0127;F0-19;2013;984
0127;F0-19;2014;990
0127;F0-19;2015;991
0127;F20-64;2013;2102
0127;F20-64;2014;2148
0127;F20-64;2015;2144
0127;F65+;2013;582
0127;F65+;2014;589
0127;F65+;2015;596
0128;F0-19;2013;1915
0128;F0-19;2014;1938
0128;F0-19;2015;1928
0128;F20-64;2013;4579
0128;F20-64;2014;4632
0128;F20-64;2015;4631
0128;F65+;2013;1366
0128;F65+;2014;1404
0128;F65+;2015;1461
0135;F0-19;2013;1692
0135;F0-19;2014;1675
0135;F0-19;2015;1699
0135;F20-64;2013;4053
0135;F20-64;2014;4097
0135;F20-64;2015;4120
0135;F65+;2013;1308
0135;F65+;2014;1332
0135;F65+;2015;1387
0136;F0-19;2013;3820
0136;F0-19;2014;3775
0136;F0-19;2015;3749
0136;F20-64;2013;8574
0136;F20-64;2014;8664
0136;F20-64;2015;8756
0136;F65+;2013;2573
0136;F65+;2014;2662
0136;F65+;2015;2737
0137;F0-19;2013;1285
0137;F0-19;2014;1318
0137;F0-19;2015;1346
0137;F20-64;2013;2908
0137;F20-64;2014;2967
0137;F20-64;2015;3030
0137;F65+;2013;664
0137;F65+;2014;693
0137;F65+;2015;724
0138;F0-19;2013;1227
0138;F0-19;2014;1287
0138;F0-19;2015;1313
0138;F20-64;2013;3054
0138;F20-64;2014;3159
0138;F20-64;2015;3265
0138;F65+;2013;699
0138;F65+;2014;741
0138;F65+;2015;765
0211;F0-19;2013;4306
0211;F0-19;2014;4357
0211;F0-19;2015;4393
0211;F20-64;2013;9086
0211;F20-64;2014;9222
0211;F20-64;2015;9422
0211;F65+;2013;2213
0211;F65+;2014;2365
0211;F65+;2015;2495
0213;F0-19;2013;8181
0213;F0-19;2014;8167
0213;F0-19;2015;8205
0213;F20-64;2013;16848
0213;F20-64;2014;16980
0213;F20-64;2015;17040
0213;F65+;2013;4278
0213;F65+;2014;4395
0213;F65+;2015;4530
0214;F0-19;2013;4661
0214;F0-19;2014;4703
0214;F0-19;2015;4796
0214;F20-64;2013;10480
0214;F20-64;2014;10789
0214;F20-64;2015;11129
0214;F65+;2013;2427
0214;F65+;2014;2477
0214;F65+;2015;2578
0215;F0-19;2013;4002
0215;F0-19;2014;3975
0215;F0-19;2015;3882
0215;F20-64;2013;8873
0215;F20-64;2014;8973
0215;F20-64;2015;8982
0215;F65+;2013;2594
0215;F65+;2014;2723
0215;F65+;2015;2792
0216;F0-19;2013;4989
0216;F0-19;2014;5016
0216;F0-19;2015;4988
0216;F20-64;2013;10572
0216;F20-64;2014;10722
0216;F20-64;2015;10720
0216;F65+;2013;2437
0216;F65+;2014;2559
0216;F65+;2015;2664
0217;F0-19;2013;6984
0217;F0-19;2014;7025
0217;F0-19;2015;7064
0217;F20-64;2013;14807
0217;F20-64;2014;14916
0217;F20-64;2015;15078
0217;F65+;2013;4172
0217;F65+;2014;4314
0217;F65+;2015;4438
0219;F0-19;2013;31647
0219;F0-19;2014;31938
0219;F0-19;2015;32240
0219;F20-64;2013;66949
0219;F20-64;2014;68199
0219;F20-64;2015;69582
0219;F65+;2013;18081
0219;F65+;2014;18451
0219;F65+;2015;18863
0220;F0-19;2013;16000
0220;F0-19;2014;16119
0220;F0-19;2015;16327
0220;F20-64;2013;32971
0220;F20-64;2014;33484
0220;F20-64;2015;34230
0220;F65+;2013;8447
0220;F65+;2014;8735
0220;F65+;2015;9014
0221;F0-19;2013;3682
0221;F0-19;2014;3758
0221;F0-19;2015;3746
0221;F20-64;2013;8910
0221;F20-64;2014;8995
0221;F20-64;2015;9163
0221;F65+;2013;2668
0221;F65+;2014;2747
0221;F65+;2015;2817
0226;F0-19;2013;4550
0226;F0-19;2014;4686
0226;F0-19;2015;4736
0226;F20-64;2013;9739
0226;F20-64;2014;10071
0226;F20-64;2015;10124
0226;F65+;2013;2074
0226;F65+;2014;2161
0226;F65+;2015;2229
0227;F0-19;2013;2801
0227;F0-19;2014;2827
0227;F0-19;2015;2886
0227;F20-64;2013;6431
0227;F20-64;2014;6603
0227;F20-64;2015;6637
0227;F65+;2013;1578
0227;F65+;2014;1618
0227;F65+;2015;1676
0228;F0-19;2013;4212
0228;F0-19;2014;4362
0228;F0-19;2015;4455
0228;F20-64;2013;10067
0228;F20-64;2014;10243
0228;F20-64;2015;10465
0228;F65+;2013;2141
0228;F65+;2014;2201
0228;F65+;2015;2265
0229;F0-19;2013;2947
0229;F0-19;2014;2940
0229;F0-19;2015;2947
0229;F20-64;2013;6320
0229;F20-64;2014;6306
0229;F20-64;2015;6368
0229;F65+;2013;1293
0229;F65+;2014;1380
0229;F65+;2015;1445
0230;F0-19;2013;8943
0230;F0-19;2014;8947
0230;F0-19;2015;8957
0230;F20-64;2013;20528
0230;F20-64;2014;20665
0230;F20-64;2015;20833
0230;F65+;2013;4849
0230;F65+;2014;5085
0230;F65+;2015;5349
0231;F0-19;2013;12947
0231;F0-19;2014;12972
0231;F0-19;2015;13064
0231;F20-64;2013;30200
0231;F20-64;2014;30605
0231;F20-64;2015;30856
0231;F65+;2013;7385
0231;F65+;2014;7611
0231;F65+;2015;7805
0233;F0-19;2013;6189
0233;F0-19;2014;6286
0233;F0-19;2015;6302
0233;F20-64;2013;12903
0233;F20-64;2014;13100
0233;F20-64;2015;13288
0233;F65+;2013;2879
0233;F65+;2014;2999
0233;F65+;2015;3116
0234;F0-19;2013;1776
0234;F0-19;2014;1741
0234;F0-19;2015;1729
0234;F20-64;2013;3674
0234;F20-64;2014;3702
0234;F20-64;2015;3712
0234;F65+;2013;814
0234;F65+;2014;849
0234;F65+;2015;885
0235;F0-19;2013;8795
0235;F0-19;2014;8925
0235;F0-19;2015;9037
0235;F20-64;2013;19008
0235;F20-64;2014;19345
0235;F20-64;2015;19891
0235;F65+;2013;3940
0235;F65+;2014;4168
0235;F65+;2015;4382
0236;F0-19;2013;4961
0236;F0-19;2014;4961
0236;F0-19;2015;4972
0236;F20-64;2013;11910
0236;F20-64;2014;12120
0236;F20-64;2015;12287
0236;F65+;2013;2948
0236;F65+;2014;3083
0236;F65+;2015;3151
0237;F0-19;2013;5595
0237;F0-19;2014;5786
0237;F0-19;2015;5875
0237;F20-64;2013;13309
0237;F20-64;2014;13539
0237;F20-64;2015;13821
0237;F65+;2013;3238
0237;F65+;2014;3364
0237;F65+;2015;3542
0238;F0-19;2013;3127
0238;F0-19;2014;3127
0238;F0-19;2015;3127
0238;F20-64;2013;6858
0238;F20-64;2014;7016
0238;F20-64;2015;7158
0238;F65+;2013;1520
0238;F65+;2014;1564
0238;F65+;2015;1597
0239;F0-19;2013;642
0239;F0-19;2014;631
0239;F0-19;2015;639
0239;F20-64;2013;1524
0239;F20-64;2014;1534
0239;F20-64;2015;1560
0239;F65+;2013;519
0239;F65+;2014;530
0239;F65+;2015;553
0301;F0-19;2013;135991
0301;F0-19;2014;137597
0301;F0-19;2015;140202
0301;F20-64;2013;412661
0301;F20-64;2014;419838
0301;F20-64;2015;428635
0301;F65+;2013;75314
0301;F65+;2014;77028
0301;F65+;2015;78839
0402;F0-19;2013;3926
0402;F0-19;2014;3926
0402;F0-19;2015;3884
0402;F20-64;2013;10184
0402;F20-64;2014;10214
0402;F20-64;2015;10199
0402;F65+;2013;3528
0402;F65+;2014;3685
0402;F65+;2015;3798
0403;F0-19;2013;6547
0403;F0-19;2014;6499
0403;F0-19;2015;6531
0403;F20-64;2013;16967
0403;F20-64;2014;17043
0403;F20-64;2015;17133
0403;F65+;2013;5839
0403;F65+;2014;5978
0403;F65+;2015;6183
0412;F0-19;2013;8161
0412;F0-19;2014;8055
0412;F0-19;2015;8005
0412;F20-64;2013;19277
0412;F20-64;2014;19263
0412;F20-64;2015;19322
0412;F65+;2013;5968
0412;F65+;2014;6145
0412;F65+;2015;6276
0415;F0-19;2013;1713
0415;F0-19;2014;1711
0415;F0-19;2015;1702
0415;F20-64;2013;4372
0415;F20-64;2014;4419
0415;F20-64;2015;4406
0415;F65+;2013;1394
0415;F65+;2014;1416
0415;F65+;2015;1444
0417;F0-19;2013;4633
0417;F0-19;2014;4717
0417;F0-19;2015;4765
0417;F20-64;2013;11207
0417;F20-64;2014;11359
0417;F20-64;2015;11461
0417;F65+;2013;3567
0417;F65+;2014;3661
0417;F65+;2015;3787
0418;F0-19;2013;1135
0418;F0-19;2014;1105
0418;F0-19;2015;1095
0418;F20-64;2013;2928
0418;F20-64;2014;2868
0418;F20-64;2015;2852
0418;F65+;2013;1127
0418;F65+;2014;1145
0418;F65+;2015;1181
0419;F0-19;2013;1764
0419;F0-19;2014;1747
0419;F0-19;2015;1681
0419;F20-64;2013;4596
0419;F20-64;2014;4596
0419;F20-64;2015;4588
0419;F65+;2013;1446
0419;F65+;2014;1504
0419;F65+;2015;1531
0420;F0-19;2013;1401
0420;F0-19;2014;1347
0420;F0-19;2015;1306
0420;F20-64;2013;3541
0420;F20-64;2014;3520
0420;F20-64;2015;3502
0420;F65+;2013;1340
0420;F65+;2014;1386
0420;F65+;2015;1411
0423;F0-19;2013;1032
0423;F0-19;2014;988
0423;F0-19;2015;950
0423;F20-64;2013;2738
0423;F20-64;2014;2712
0423;F20-64;2015;2631
0423;F65+;2013;1227
0423;F65+;2014;1248
0423;F65+;2015;1272
0425;F0-19;2013;1525
0425;F0-19;2014;1488
0425;F0-19;2015;1456
0425;F20-64;2013;4205
0425;F20-64;2014;4178
0425;F20-64;2015;4214
0425;F65+;2013;1870
0425;F65+;2014;1878
0425;F65+;2015;1891
0426;F0-19;2013;738
0426;F0-19;2014;699
0426;F0-19;2015;720
0426;F20-64;2013;2174
0426;F20-64;2014;2168
0426;F20-64;2015;2133
0426;F65+;2013;914
0426;F65+;2014;916
0426;F65+;2015;937
0427;F0-19;2013;4884
0427;F0-19;2014;4901
0427;F0-19;2015;4879
0427;F20-64;2013;11756
0427;F20-64;2014;11834
0427;F20-64;2015;11999
0427;F65+;2013;3703
0427;F65+;2014;3828
0427;F65+;2015;3916
0428;F0-19;2013;1402
0428;F0-19;2014;1351
0428;F0-19;2015;1311
0428;F20-64;2013;3733
0428;F20-64;2014;3693
0428;F20-64;2015;3645
0428;F65+;2013;1554
0428;F65+;2014;1577
0428;F65+;2015;1613
0429;F0-19;2013;1002
0429;F0-19;2014;1019
0429;F0-19;2015;1016
0429;F20-64;2013;2531
0429;F20-64;2014;2554
0429;F20-64;2015;2527
0429;F65+;2013;854
0429;F65+;2014;882
0429;F65+;2015;913
0430;F0-19;2013;502
0430;F0-19;2014;493
0430;F0-19;2015;460
0430;F20-64;2013;1528
0430;F20-64;2014;1569
0430;F20-64;2015;1512
0430;F65+;2013;611
0430;F65+;2014;637
0430;F65+;2015;647
0432;F0-19;2013;378
0432;F0-19;2014;358
0432;F0-19;2015;356
0432;F20-64;2013;1031
0432;F20-64;2014;993
0432;F20-64;2015;998
0432;F65+;2013;501
0432;F65+;2014;532
0432;F65+;2015;531
0434;F0-19;2013;300
0434;F0-19;2014;270
0434;F0-19;2015;287
0434;F20-64;2013;723
0434;F20-64;2014;715
0434;F20-64;2015;707
0434;F65+;2013;353
0434;F65+;2014;360
0434;F65+;2015;365
0436;F0-19;2013;416
0436;F0-19;2014;411
0436;F0-19;2015;414
0436;F20-64;2013;945
0436;F20-64;2014;928
0436;F20-64;2015;929
0436;F65+;2013;320
0436;F65+;2014;319
0436;F65+;2015;313
0437;F0-19;2013;1423
0437;F0-19;2014;1419
0437;F0-19;2015;1418
0437;F20-64;2013;3136
0437;F20-64;2014;3111
0437;F20-64;2015;3111
0437;F65+;2013;1011
0437;F65+;2014;1019
0437;F65+;2015;1033
0438;F0-19;2013;632
0438;F0-19;2014;630
0438;F0-19;2015;625
0438;F20-64;2013;1357
0438;F20-64;2014;1342
0438;F20-64;2015;1332
0438;F65+;2013;460
0438;F65+;2014;460
0438;F65+;2015;461
0439;F0-19;2013;381
0439;F0-19;2014;379
0439;F0-19;2015;355
0439;F20-64;2013;879
0439;F20-64;2014;840
0439;F20-64;2015;821
0439;F65+;2013;394
0439;F65+;2014;412
0439;F65+;2015;421
0441;F0-19;2013;504
0441;F0-19;2014;480
0441;F0-19;2015;463
0441;F20-64;2013;1117
0441;F20-64;2014;1118
0441;F20-64;2015;1095
0441;F65+;2013;414
0441;F65+;2014;415
0441;F65+;2015;433
0501;F0-19;2013;6210
0501;F0-19;2014;6119
0501;F0-19;2015;6121
0501;F20-64;2013;15633
0501;F20-64;2014;15822
0501;F20-64;2015;15969
0501;F65+;2013;5007
0501;F65+;2014;5087
0501;F65+;2015;5210
0502;F0-19;2013;6787
0502;F0-19;2014;6775
0502;F0-19;2015;6856
0502;F20-64;2013;17321
0502;F20-64;2014;17452
0502;F20-64;2015;17652
0502;F65+;2013;5299
0502;F65+;2014;5441
0502;F65+;2015;5555
0511;F0-19;2013;577
0511;F0-19;2014;574
0511;F0-19;2015;590
0511;F20-64;2013;1537
0511;F20-64;2014;1499
0511;F20-64;2015;1510
0511;F65+;2013;613
0511;F65+;2014;631
0511;F65+;2015;645
0512;F0-19;2013;517
0512;F0-19;2014;482
0512;F0-19;2015;475
0512;F20-64;2013;1171
0512;F20-64;2014;1147
0512;F20-64;2015;1132
0512;F65+;2013;457
0512;F65+;2014;447
0512;F65+;2015;452
0513;F0-19;2013;490
0513;F0-19;2014;483
0513;F0-19;2015;473
0513;F20-64;2013;1269
0513;F20-64;2014;1252
0513;F20-64;2015;1229
0513;F65+;2013;520
0513;F65+;2014;529
0513;F65+;2015;543
0514;F0-19;2013;518
0514;F0-19;2014;519
0514;F0-19;2015;517
0514;F20-64;2013;1360
0514;F20-64;2014;1354
0514;F20-64;2015;1344
0514;F65+;2013;486
0514;F65+;2014;488
0514;F65+;2015;495
0515;F0-19;2013;854
0515;F0-19;2014;840
0515;F0-19;2015;826
0515;F20-64;2013;2037
0515;F20-64;2014;2009
0515;F20-64;2015;1990
0515;F65+;2013;825
0515;F65+;2014;837
0515;F65+;2015;859
0516;F0-19;2013;1320
0516;F0-19;2014;1293
0516;F0-19;2015;1276
0516;F20-64;2013;3283
0516;F20-64;2014;3213
0516;F20-64;2015;3186
0516;F65+;2013;1224
0516;F65+;2014;1259
0516;F65+;2015;1292
0517;F0-19;2013;1373
0517;F0-19;2014;1341
0517;F0-19;2015;1324
0517;F20-64;2013;3324
0517;F20-64;2014;3359
0517;F20-64;2015;3342
0517;F65+;2013;1255
0517;F65+;2014;1274
0517;F65+;2015;1299
0519;F0-19;2013;736
0519;F0-19;2014;734
0519;F0-19;2015;740
0519;F20-64;2013;1777
0519;F20-64;2014;1760
0519;F20-64;2015;1761
0519;F65+;2013;680
0519;F65+;2014;697
0519;F65+;2015;703
0520;F0-19;2013;982
0520;F0-19;2014;969
0520;F0-19;2015;937
0520;F20-64;2013;2532
0520;F20-64;2014;2517
0520;F20-64;2015;2474
0520;F65+;2013;982
0520;F65+;2014;1009
0520;F65+;2015;1048
0521;F0-19;2013;1213
0521;F0-19;2014;1186
0521;F0-19;2015;1127
0521;F20-64;2013;2988
0521;F20-64;2014;2975
0521;F20-64;2015;2978
0521;F65+;2013;901
0521;F65+;2014;929
0521;F65+;2015;960
0522;F0-19;2013;1421
0522;F0-19;2014;1428
0522;F0-19;2015;1413
0522;F20-64;2013;3401
0522;F20-64;2014;3460
0522;F20-64;2015;3466
0522;F65+;2013;1319
0522;F65+;2014;1349
0522;F65+;2015;1331
0528;F0-19;2013;3340
0528;F0-19;2014;3330
0528;F0-19;2015;3301
0528;F20-64;2013;8486
0528;F20-64;2014;8442
0528;F20-64;2015;8448
0528;F65+;2013;2940
0528;F65+;2014;3005
0528;F65+;2015;3047
0529;F0-19;2013;3015
0529;F0-19;2014;2991
0529;F0-19;2015;2974
0529;F20-64;2013;7509
0529;F20-64;2014;7535
0529;F20-64;2015;7567
0529;F65+;2013;2475
0529;F65+;2014;2549
0529;F65+;2015;2611
0532;F0-19;2013;1583
0532;F0-19;2014;1556
0532;F0-19;2015;1578
0532;F20-64;2013;3688
0532;F20-64;2014;3722
0532;F20-64;2015;3760
0532;F65+;2013;1173
0532;F65+;2014;1238
0532;F65+;2015;1261
0533;F0-19;2013;2237
0533;F0-19;2014;2247
0533;F0-19;2015;2247
0533;F20-64;2013;5302
0533;F20-64;2014;5305
0533;F20-64;2015;5322
0533;F65+;2013;1341
0533;F65+;2014;1400
0533;F65+;2015;1434
0534;F0-19;2013;3219
0534;F0-19;2014;3204
0534;F0-19;2015;3227
0534;F20-64;2013;7775
0534;F20-64;2014;7818
0534;F20-64;2015;7814
0534;F65+;2013;2556
0534;F65+;2014;2585
0534;F65+;2015;2644
0536;F0-19;2013;1277
0536;F0-19;2014;1250
0536;F0-19;2015;1230
0536;F20-64;2013;3288
0536;F20-64;2014;3296
0536;F20-64;2015;3346
0536;F65+;2013;1138
0536;F65+;2014;1155
0536;F65+;2015;1196
0538;F0-19;2013;1541
0538;F0-19;2014;1482
0538;F0-19;2015;1477
0538;F20-64;2013;3793
0538;F20-64;2014;3793
0538;F20-64;2015;3810
0538;F65+;2013;1424
0538;F65+;2014;1425
0538;F65+;2015;1453
0540;F0-19;2013;740
0540;F0-19;2014;728
0540;F0-19;2015;708
0540;F20-64;2013;1709
0540;F20-64;2014;1701
0540;F20-64;2015;1665
0540;F65+;2013;698
0540;F65+;2014;704
0540;F65+;2015;721
0541;F0-19;2013;291
0541;F0-19;2014;297
0541;F0-19;2015;286
0541;F20-64;2013;774
0541;F20-64;2014;783
0541;F20-64;2015;785
0541;F65+;2013;334
0541;F65+;2014;328
0541;F65+;2015;331
0542;F0-19;2013;1435
0542;F0-19;2014;1415
0542;F0-19;2015;1409
0542;F20-64;2013;3717
0542;F20-64;2014;3739
0542;F20-64;2015;3727
0542;F65+;2013;1244
0542;F65+;2014;1263
0542;F65+;2015;1330
0543;F0-19;2013;502
0543;F0-19;2014;495
0543;F0-19;2015;481
0543;F20-64;2013;1282
0543;F20-64;2014;1244
0543;F20-64;2015;1231
0543;F65+;2013;435
0543;F65+;2014;448
0543;F65+;2015;468
0544;F0-19;2013;705
0544;F0-19;2014;710
0544;F0-19;2015;700
0544;F20-64;2013;1846
0544;F20-64;2014;1851
0544;F20-64;2015;1843
0544;F65+;2013;646
0544;F65+;2014;645
0544;F65+;2015;656
0545;F0-19;2013;347
0545;F0-19;2014;342
0545;F0-19;2015;332
0545;F20-64;2013;918
0545;F20-64;2014;912
0545;F20-64;2015;933
0545;F65+;2013;332
0545;F65+;2014;348
0545;F65+;2015;354
0602;F0-19;2013;15452
0602;F0-19;2014;15575
0602;F0-19;2015;15713
0602;F20-64;2013;39217
0602;F20-64;2014;39540
0602;F20-64;2015;39972
0602;F65+;2013;10804
0602;F65+;2014;11099
0602;F65+;2015;11331
0604;F0-19;2013;6193
0604;F0-19;2014;6308
0604;F0-19;2015;6320
0604;F20-64;2013;15439
0604;F20-64;2014;15683
0604;F20-64;2015;15797
0604;F65+;2013;4255
0604;F65+;2014;4415
0604;F65+;2015;4594
0605;F0-19;2013;6520
0605;F0-19;2014;6514
0605;F0-19;2015;6481
0605;F20-64;2013;17572
0605;F20-64;2014;17633
0605;F20-64;2015;17600
0605;F65+;2013;5308
0605;F65+;2014;5477
0605;F65+;2015;5631
0612;F0-19;2013;1595
0612;F0-19;2014;1661
0612;F0-19;2015;1667
0612;F20-64;2013;3866
0612;F20-64;2014;3903
0612;F20-64;2015;3967
0612;F65+;2013;1002
0612;F65+;2014;1031
0612;F65+;2015;1064
0615;F0-19;2013;228
0615;F0-19;2014;208
0615;F0-19;2015;204
0615;F20-64;2013;580
0615;F20-64;2014;577
0615;F20-64;2015;581
0615;F65+;2013;242
0615;F65+;2014;248
0615;F65+;2015;248
0616;F0-19;2013;757
0616;F0-19;2014;746
0616;F0-19;2015;711
0616;F20-64;2013;1959
0616;F20-64;2014;1973
0616;F20-64;2015;1963
0616;F65+;2013;719
0616;F65+;2014;726
0616;F65+;2015;740
0617;F0-19;2013;1104
0617;F0-19;2014;1065
0617;F0-19;2015;1054
0617;F20-64;2013;2673
0617;F20-64;2014;2628
0617;F20-64;2015;2579
0617;F65+;2013;890
0617;F65+;2014;938
0617;F65+;2015;955
0618;F0-19;2013;572
0618;F0-19;2014;576
0618;F0-19;2015;581
0618;F20-64;2013;1330
0618;F20-64;2014;1386
0618;F20-64;2015;1424
0618;F65+;2013;322
0618;F65+;2014;333
0618;F65+;2015;339
0619;F0-19;2013;1195
0619;F0-19;2014;1163
0619;F0-19;2015;1152
0619;F20-64;2013;2647
0619;F20-64;2014;2601
0619;F20-64;2015;2608
0619;F65+;2013;919
0619;F65+;2014;949
0619;F65+;2015;956
0620;F0-19;2013;918
0620;F0-19;2014;890
0620;F0-19;2015;906
0620;F20-64;2013;2638
0620;F20-64;2014;2646
0620;F20-64;2015;2616
0620;F65+;2013;892
0620;F65+;2014;916
0620;F65+;2015;949
0621;F0-19;2013;807
0621;F0-19;2014;805
0621;F0-19;2015;790
0621;F20-64;2013;1991
0621;F20-64;2014;1976
0621;F20-64;2015;1967
0621;F65+;2013;740
0621;F65+;2014;728
0621;F65+;2015;763
0622;F0-19;2013;462
0622;F0-19;2014;468
0622;F0-19;2015;469
0622;F20-64;2013;1358
0622;F20-64;2014;1374
0622;F20-64;2015;1359
0622;F65+;2013;403
0622;F65+;2014;423
0622;F65+;2015;440
0623;F0-19;2013;3039
0623;F0-19;2014;3092
0623;F0-19;2015;3113
0623;F20-64;2013;7872
0623;F20-64;2014;8007
0623;F20-64;2015;8030
0623;F65+;2013;2426
0623;F65+;2014;2482
0623;F65+;2015;2542
0624;F0-19;2013;4382
0624;F0-19;2014;4392
0624;F0-19;2015;4400
0624;F20-64;2013;10514
0624;F20-64;2014;10597
0624;F20-64;2015;10671
0624;F65+;2013;2856
0624;F65+;2014;2930
0624;F65+;2015;2968
0625;F0-19;2013;6284
0625;F0-19;2014;6276
0625;F0-19;2015;6320
0625;F20-64;2013;13990
0625;F20-64;2014;14060
0625;F20-64;2015;14220
0625;F65+;2013;3366
0625;F65+;2014;3475
0625;F65+;2015;3614
0626;F0-19;2013;6522
0626;F0-19;2014;6601
0626;F0-19;2015;6593
0626;F20-64;2013;14545
0626;F20-64;2014;14741
0626;F20-64;2015;14832
0626;F65+;2013;3696
0626;F65+;2014;3833
0626;F65+;2015;3953
0627;F0-19;2013;5498
0627;F0-19;2014;5621
0627;F0-19;2015;5720
0627;F20-64;2013;11835
0627;F20-64;2014;12140
0627;F20-64;2015;12361
0627;F65+;2013;2745
0627;F65+;2014;2860
0627;F65+;2015;2957
0628;F0-19;2013;2282
0628;F0-19;2014;2265
0628;F0-19;2015;2245
0628;F20-64;2013;5335
0628;F20-64;2014;5291
0628;F20-64;2015;5281
0628;F65+;2013;1704
0628;F65+;2014;1774
0628;F65+;2015;1839
0631;F0-19;2013;659
0631;F0-19;2014;674
0631;F0-19;2015;662
0631;F20-64;2013;1500
0631;F20-64;2014;1507
0631;F20-64;2015;1492
0631;F65+;2013;498
0631;F65+;2014;502
0631;F65+;2015;517
0632;F0-19;2013;304
0632;F0-19;2014;295
0632;F0-19;2015;292
0632;F20-64;2013;736
0632;F20-64;2014;747
0632;F20-64;2015;743
0632;F65+;2013;315
0632;F65+;2014;327
0632;F65+;2015;340
0633;F0-19;2013;576
0633;F0-19;2014;582
0633;F0-19;2015;570
0633;F20-64;2013;1400
0633;F20-64;2014;1406
0633;F20-64;2015;1405
0633;F65+;2013;555
0633;F65+;2014;569
0633;F65+;2015;566
0701;F0-19;2013;6452
0701;F0-19;2014;6438
0701;F0-19;2015;6374
0701;F20-64;2013;15453
0701;F20-64;2014;15502
0701;F20-64;2015;15584
0701;F65+;2013;4690
0701;F65+;2014;4811
0701;F65+;2015;4945
0704;F0-19;2013;9755
0704;F0-19;2014;9703
0704;F0-19;2015;9741
0704;F20-64;2013;24536
0704;F20-64;2014;24701
0704;F20-64;2015;24915
0704;F65+;2013;6948
0704;F65+;2014;7146
0704;F65+;2015;7264
0710;F0-19;2013;0
0710;F0-19;2014;0
0710;F0-19;2015;0
0710;F20-64;2013;0
0710;F20-64;2014;0
0710;F20-64;2015;0
0710;F65+;2013;0
0710;F65+;2014;0
0710;F65+;2015;0
0711;F0-19;2013;1554
0711;F0-19;2014;1523
0711;F0-19;2015;1511
0711;F20-64;2013;3880
0711;F20-64;2014;3896
0711;F20-64;2015;3888
0711;F65+;2013;1136
0711;F65+;2014;1161
0711;F65+;2015;1202
0712;F0-19;2013;0
0712;F0-19;2014;0
0712;F0-19;2015;0
0712;F20-64;2013;0
0712;F20-64;2014;0
0712;F20-64;2015;0
0712;F65+;2013;0
0712;F65+;2014;0
0712;F65+;2015;0
0713;F0-19;2013;2324
0713;F0-19;2014;2378
0713;F0-19;2015;2364
0713;F20-64;2013;5135
0713;F20-64;2014;5221
0713;F20-64;2015;5294
0713;F65+;2013;1376
0713;F65+;2014;1437
0713;F65+;2015;1491
0715;F0-19;2013;0
0715;F0-19;2014;0
0715;F0-19;2015;0
0715;F20-64;2013;0
0715;F20-64;2014;0
0715;F20-64;2015;0
0715;F65+;2013;0
0715;F65+;2014;0
0715;F65+;2015;0
0716;F0-19;2013;2398
0716;F0-19;2014;2442
0716;F0-19;2015;2434
0716;F20-64;2013;5321
0716;F20-64;2014;5381
0716;F20-64;2015;5453
0716;F65+;2013;1275
0716;F65+;2014;1321
0716;F65+;2015;1366
0729;F0-19;2013;0
0729;F0-19;2014;0
0729;F0-19;2015;0
0729;F20-64;2013;0
0729;F20-64;2014;0
0729;F20-64;2015;0
0729;F65+;2013;0
0729;F65+;2014;0
0729;F65+;2015;0
0805;F0-19;2013;8262
0805;F0-19;2014;8249
0805;F0-19;2015;8287
0805;F20-64;2013;20956
0805;F20-64;2014;20953
0805;F20-64;2015;21028
0805;F65+;2013;6174
0805;F65+;2014;6314
0805;F65+;2015;6440
0806;F0-19;2013;12857
0806;F0-19;2014;12832
0806;F0-19;2015;12711
0806;F20-64;2013;31063
0806;F20-64;2014;31275
0806;F20-64;2015;31445
0806;F65+;2013;9095
0806;F65+;2014;9332
0806;F65+;2015;9589
0807;F0-19;2013;2840
0807;F0-19;2014;2867
0807;F0-19;2015;2864
0807;F20-64;2013;7169
0807;F20-64;2014;7203
0807;F20-64;2015;7202
0807;F65+;2013;2488
0807;F65+;2014;2539
0807;F65+;2015;2533
0811;F0-19;2013;643
0811;F0-19;2014;623
0811;F0-19;2015;605
0811;F20-64;2013;1374
0811;F20-64;2014;1357
0811;F20-64;2015;1329
0811;F65+;2013;409
0811;F65+;2014;424
0811;F65+;2015;427
0814;F0-19;2013;3445
0814;F0-19;2014;3412
0814;F0-19;2015;3347
0814;F20-64;2013;8261
0814;F20-64;2014;8258
0814;F20-64;2015;8174
0814;F65+;2013;2423
0814;F65+;2014;2523
0814;F65+;2015;2619
0815;F0-19;2013;2392
0815;F0-19;2014;2323
0815;F0-19;2015;2311
0815;F20-64;2013;6162
0815;F20-64;2014;6079
0815;F20-64;2015;6010
0815;F65+;2013;2146
0815;F65+;2014;2219
0815;F65+;2015;2315
0817;F0-19;2013;970
0817;F0-19;2014;980
0817;F0-19;2015;961
0817;F20-64;2013;2320
0817;F20-64;2014;2295
0817;F20-64;2015;2292
0817;F65+;2013;849
0817;F65+;2014;860
0817;F65+;2015;858
0819;F0-19;2013;1527
0819;F0-19;2014;1527
0819;F0-19;2015;1529
0819;F20-64;2013;3754
0819;F20-64;2014;3742
0819;F20-64;2015;3708
0819;F65+;2013;1344
0819;F65+;2014;1374
0819;F65+;2015;1393
0821;F0-19;2013;1377
0821;F0-19;2014;1385
0821;F0-19;2015;1417
0821;F20-64;2013;3422
0821;F20-64;2014;3435
0821;F20-64;2015;3525
0821;F65+;2013;992
0821;F65+;2014;1014
0821;F65+;2015;1035
0822;F0-19;2013;1049
0822;F0-19;2014;1000
0822;F0-19;2015;986
0822;F20-64;2013;2493
0822;F20-64;2014;2481
0822;F20-64;2015;2491
0822;F65+;2013;827
0822;F65+;2014;844
0822;F65+;2015;869
0826;F0-19;2013;1327
0826;F0-19;2014;1346
0826;F0-19;2015;1330
0826;F20-64;2013;3408
0826;F20-64;2014;3356
0826;F20-64;2015;3304
0826;F65+;2013;1238
0826;F65+;2014;1255
0826;F65+;2015;1279
0827;F0-19;2013;364
0827;F0-19;2014;367
0827;F0-19;2015;367
0827;F20-64;2013;870
0827;F20-64;2014;856
0827;F20-64;2015;856
0827;F65+;2013;375
0827;F65+;2014;379
0827;F65+;2015;371
0828;F0-19;2013;657
0828;F0-19;2014;664
0828;F0-19;2015;685
0828;F20-64;2013;1677
0828;F20-64;2014;1684
0828;F20-64;2015;1677
0828;F65+;2013;611
0828;F65+;2014;641
0828;F65+;2015;640
0829;F0-19;2013;525
0829;F0-19;2014;506
0829;F0-19;2015;502
0829;F20-64;2013;1458
0829;F20-64;2014;1424
0829;F20-64;2015;1423
0829;F65+;2013;524
0829;F65+;2014;538
0829;F65+;2015;541
0830;F0-19;2013;337
0830;F0-19;2014;331
0830;F0-19;2015;320
0830;F20-64;2013;832
0830;F20-64;2014;843
0830;F20-64;2015;834
0830;F65+;2013;261
0830;F65+;2014;277
0830;F65+;2015;285
0831;F0-19;2013;341
0831;F0-19;2014;318
0831;F0-19;2015;306
0831;F20-64;2013;749
0831;F20-64;2014;729
0831;F20-64;2015;731
0831;F65+;2013;260
0831;F65+;2014;256
0831;F65+;2015;261
0833;F0-19;2013;534
0833;F0-19;2014;538
0833;F0-19;2015;520
0833;F20-64;2013;1266
0833;F20-64;2014;1253
0833;F20-64;2015;1262
0833;F65+;2013;484
0833;F65+;2014;466
0833;F65+;2015;470
0834;F0-19;2013;880
0834;F0-19;2014;856
0834;F0-19;2015;851
0834;F20-64;2013;2132
0834;F20-64;2014;2144
0834;F20-64;2015;2092
0834;F65+;2013;709
0834;F65+;2014;723
0834;F65+;2015;746
0901;F0-19;2013;1570
0901;F0-19;2014;1570
0901;F0-19;2015;1568
0901;F20-64;2013;3936
0901;F20-64;2014;3930
0901;F20-64;2015;3902
0901;F65+;2013;1342
0901;F65+;2014;1399
0901;F65+;2015;1439
0904;F0-19;2013;5892
0904;F0-19;2014;5865
0904;F0-19;2015;5853
0904;F20-64;2013;12551
0904;F20-64;2014;12644
0904;F20-64;2015;12842
0904;F65+;2013;3151
0904;F65+;2014;3274
0904;F65+;2015;3403
0906;F0-19;2013;10739
0906;F0-19;2014;10779
0906;F0-19;2015;10795
0906;F20-64;2013;25554
0906;F20-64;2014;25831
0906;F20-64;2015;25987
0906;F65+;2013;7043
0906;F65+;2014;7231
0906;F65+;2015;7437
0911;F0-19;2013;603
0911;F0-19;2014;587
0911;F0-19;2015;578
0911;F20-64;2013;1445
0911;F20-64;2014;1443
0911;F20-64;2015;1417
0911;F65+;2013;436
0911;F65+;2014;459
0911;F65+;2015;486
0912;F0-19;2013;549
0912;F0-19;2014;551
0912;F0-19;2015;547
0912;F20-64;2013;1097
0912;F20-64;2014;1112
0912;F20-64;2015;1118
0912;F65+;2013;340
0912;F65+;2014;337
0912;F65+;2015;353
0914;F0-19;2013;1426
0914;F0-19;2014;1413
0914;F0-19;2015;1408
0914;F20-64;2013;3475
0914;F20-64;2014;3457
0914;F20-64;2015;3435
0914;F65+;2013;1163
0914;F65+;2014;1189
0914;F65+;2015;1205
0919;F0-19;2013;1540
0919;F0-19;2014;1542
0919;F0-19;2015;1526
0919;F20-64;2013;3181
0919;F20-64;2014;3195
0919;F20-64;2015;3239
0919;F65+;2013;704
0919;F65+;2014;749
0919;F65+;2015;767
0926;F0-19;2013;2657
0926;F0-19;2014;2681
0926;F0-19;2015;2723
0926;F20-64;2013;5763
0926;F20-64;2014;5746
0926;F20-64;2015;5879
0926;F65+;2013;1612
0926;F65+;2014;1679
0926;F65+;2015;1738
0928;F0-19;2013;1461
0928;F0-19;2014;1461
0928;F0-19;2015;1454
0928;F20-64;2013;2750
0928;F20-64;2014;2790
0928;F20-64;2015;2822
0928;F65+;2013;725
0928;F65+;2014;742
0928;F65+;2015;759
0929;F0-19;2013;443
0929;F0-19;2014;440
0929;F0-19;2015;443
0929;F20-64;2013;1031
0929;F20-64;2014;1011
0929;F20-64;2015;1018
0929;F65+;2013;341
0929;F65+;2014;359
0929;F65+;2015;371
0935;F0-19;2013;349
0935;F0-19;2014;357
0935;F0-19;2015;354
0935;F20-64;2013;761
0935;F20-64;2014;786
0935;F20-64;2015;780
0935;F65+;2013;173
0935;F65+;2014;171
0935;F65+;2015;181
0937;F0-19;2013;938
0937;F0-19;2014;933
0937;F0-19;2015;933
0937;F20-64;2013;1993
0937;F20-64;2014;1959
0937;F20-64;2015;1967
0937;F65+;2013;625
0937;F65+;2014;657
0937;F65+;2015;667
0938;F0-19;2013;270
0938;F0-19;2014;272
0938;F0-19;2015;258
0938;F20-64;2013;702
0938;F20-64;2014;687
0938;F20-64;2015;673
0938;F65+;2013;235
0938;F65+;2014;241
0938;F65+;2015;258
0940;F0-19;2013;305
0940;F0-19;2014;300
0940;F0-19;2015;279
0940;F20-64;2013;736
0940;F20-64;2014;738
0940;F20-64;2015;731
0940;F65+;2013;236
0940;F65+;2014;232
0940;F65+;2015;241
0941;F0-19;2013;234
0941;F0-19;2014;237
0941;F0-19;2015;228
0941;F20-64;2013;585
0941;F20-64;2014;593
0941;F20-64;2015;585
0941;F65+;2013;110
0941;F65+;2014;118
0941;F65+;2015;120
1001;F0-19;2013;21845
1001;F0-19;2014;22119
1001;F0-19;2015;22253
1001;F20-64;2013;50473
1001;F20-64;2014;51379
1001;F20-64;2015;52420
1001;F65+;2013;12158
1001;F65+;2014;12485
1001;F65+;2015;12773
1002;F0-19;2013;4043
1002;F0-19;2014;4053
1002;F0-19;2015;4031
1002;F20-64;2013;8757
1002;F20-64;2014;8786
1002;F20-64;2015;8807
1002;F65+;2013;2437
1002;F65+;2014;2510
1002;F65+;2015;2599
1003;F0-19;2013;2498
1003;F0-19;2014;2494
1003;F0-19;2015;2497
1003;F20-64;2013;5191
1003;F20-64;2014;5231
1003;F20-64;2015;5256
1003;F65+;2013;1752
1003;F65+;2014;1791
1003;F65+;2015;1843
1004;F0-19;2013;2274
1004;F0-19;2014;2246
1004;F0-19;2015;2247
1004;F20-64;2013;5065
1004;F20-64;2014;5018
1004;F20-64;2015;5039
1004;F65+;2013;1721
1004;F65+;2014;1749
1004;F65+;2015;1783
1014;F0-19;2013;3803
1014;F0-19;2014;3842
1014;F0-19;2015;3826
1014;F20-64;2013;8034
1014;F20-64;2014;8142
1014;F20-64;2015;8223
1014;F65+;2013;1919
1014;F65+;2014;2002
1014;F65+;2015;2046
1017;F0-19;2013;1809
1017;F0-19;2014;1784
1017;F0-19;2015;1779
1017;F20-64;2013;3650
1017;F20-64;2014;3663
1017;F20-64;2015;3695
1017;F65+;2013;826
1017;F65+;2014;856
1017;F65+;2015;880
1018;F0-19;2013;3126
1018;F0-19;2014;3110
1018;F0-19;2015;3136
1018;F20-64;2013;6290
1018;F20-64;2014;6300
1018;F20-64;2015;6450
1018;F65+;2013;1544
1018;F65+;2014;1595
1018;F65+;2015;1631
1021;F0-19;2013;639
1021;F0-19;2014;640
1021;F0-19;2015;618
1021;F20-64;2013;1324
1021;F20-64;2014;1308
1021;F20-64;2015;1315
1021;F65+;2013;329
1021;F65+;2014;342
1021;F65+;2015;361
1026;F0-19;2013;276
1026;F0-19;2014;271
1026;F0-19;2015;265
1026;F20-64;2013;492
1026;F20-64;2014;506
1026;F20-64;2015;515
1026;F65+;2013;144
1026;F65+;2014;146
1026;F65+;2015;145
1027;F0-19;2013;505
1027;F0-19;2014;516
1027;F0-19;2015;515
1027;F20-64;2013;948
1027;F20-64;2014;950
1027;F20-64;2015;950
1027;F65+;2013;275
1027;F65+;2014;277
1027;F65+;2015;285
1029;F0-19;2013;1283
1029;F0-19;2014;1288
1029;F0-19;2015;1290
1029;F20-64;2013;2678
1029;F20-64;2014;2700
1029;F20-64;2015;2694
1029;F65+;2013;835
1029;F65+;2014;865
1029;F65+;2015;896
1032;F0-19;2013;2352
1032;F0-19;2014;2383
1032;F0-19;2015;2469
1032;F20-64;2013;4481
1032;F20-64;2014;4508
1032;F20-64;2015;4606
1032;F65+;2013;1178
1032;F65+;2014;1211
1032;F65+;2015;1260
1034;F0-19;2013;466
1034;F0-19;2014;461
1034;F0-19;2015;456
1034;F20-64;2013;928
1034;F20-64;2014;948
1034;F20-64;2015;948
1034;F65+;2013;275
1034;F65+;2014;281
1034;F65+;2015;289
1037;F0-19;2013;1564
1037;F0-19;2014;1552
1037;F0-19;2015;1517
1037;F20-64;2013;3340
1037;F20-64;2014;3337
1037;F20-64;2015;3399
1037;F65+;2013;995
1037;F65+;2014;1002
1037;F65+;2015;1032
1046;F0-19;2013;479
1046;F0-19;2014;481
1046;F0-19;2015;479
1046;F20-64;2013;1023
1046;F20-64;2014;1009
1046;F20-64;2015;1012
1046;F65+;2013;329
1046;F65+;2014;341
1046;F65+;2015;347
1101;F0-19;2013;3985
1101;F0-19;2014;3947
1101;F0-19;2015;3957
1101;F20-64;2013;8466
1101;F20-64;2014;8617
1101;F20-64;2015;8631
1101;F65+;2013;2185
1101;F65+;2014;2247
1101;F65+;2015;2328
1102;F0-19;2013;19756
1102;F0-19;2014;20133
1102;F0-19;2015;20485
1102;F20-64;2013;42384
1102;F20-64;2014;43613
1102;F20-64;2015;44722
1102;F65+;2013;7906
1102;F65+;2014;8154
1102;F65+;2015;8417
1103;F0-19;2013;32483
1103;F0-19;2014;32695
1103;F0-19;2015;32732
1103;F20-64;2013;80806
1103;F20-64;2014;81752
1103;F20-64;2015;82606
1103;F65+;2013;15902
1103;F65+;2014;16307
1103;F65+;2015;16764
1106;F0-19;2013;8830
1106;F0-19;2014;8862
1106;F0-19;2015;8820
1106;F20-64;2013;21652
1106;F20-64;2014;21851
1106;F20-64;2015;22160
1106;F65+;2013;5271
1106;F65+;2014;5386
1106;F65+;2015;5558
1111;F0-19;2013;873
1111;F0-19;2014;877
1111;F0-19;2015;869
1111;F20-64;2013;1800
1111;F20-64;2014;1826
1111;F20-64;2015;1834
1111;F65+;2013;613
1111;F65+;2014;600
1111;F65+;2015;606
1112;F0-19;2013;900
1112;F0-19;2014;916
1112;F0-19;2015;922
1112;F20-64;2013;1766
1112;F20-64;2014;1784
1112;F20-64;2015;1790
1112;F65+;2013;507
1112;F65+;2014;525
1112;F65+;2015;535
1114;F0-19;2013;820
1114;F0-19;2014;828
1114;F0-19;2015;851
1114;F20-64;2013;1594
1114;F20-64;2014;1630
1114;F20-64;2015;1637
1114;F65+;2013;365
1114;F65+;2014;362
1114;F65+;2015;373
1119;F0-19;2013;5350
1119;F0-19;2014;5455
1119;F0-19;2015;5508
1119;F20-64;2013;10160
1119;F20-64;2014;10489
1119;F20-64;2015;10753
1119;F65+;2013;2125
1119;F65+;2014;2171
1119;F65+;2015;2267
1120;F0-19;2013;5525
1120;F0-19;2014;5578
1120;F0-19;2015;5603
1120;F20-64;2013;10642
1120;F20-64;2014;10749
1120;F20-64;2015;10887
1120;F65+;2013;2060
1120;F65+;2014;2158
1120;F65+;2015;2251
1121;F0-19;2013;5038
1121;F0-19;2014;5126
1121;F0-19;2015;5171
1121;F20-64;2013;10310
1121;F20-64;2014;10620
1121;F20-64;2015;10880
1121;F65+;2013;2089
1121;F65+;2014;2151
1121;F65+;2015;2255
1122;F0-19;2013;3394
1122;F0-19;2014;3461
1122;F0-19;2015;3470
1122;F20-64;2013;6654
1122;F20-64;2014;6817
1122;F20-64;2015;7026
1122;F65+;2013;991
1122;F65+;2014;1039
1122;F65+;2015;1104
1124;F0-19;2013;7081
1124;F0-19;2014;7148
1124;F0-19;2015;7221
1124;F20-64;2013;14727
1124;F20-64;2014;15083
1124;F20-64;2015;15532
1124;F65+;2013;2771
1124;F65+;2014;2852
1124;F65+;2015;2955
1127;F0-19;2013;3138
1127;F0-19;2014;3077
1127;F0-19;2015;3047
1127;F20-64;2013;5984
1127;F20-64;2014;6033
1127;F20-64;2015;6156
1127;F65+;2013;1275
1127;F65+;2014;1306
1127;F65+;2015;1353
1129;F0-19;2013;359
1129;F0-19;2014;369
1129;F0-19;2015;352
1129;F20-64;2013;690
1129;F20-64;2014;676
1129;F20-64;2015;656
1129;F65+;2013;178
1129;F65+;2014;197
1129;F65+;2015;200
1130;F0-19;2013;3487
1130;F0-19;2014;3546
1130;F0-19;2015;3569
1130;F20-64;2013;6720
1130;F20-64;2014;6868
1130;F20-64;2015;7051
1130;F65+;2013;1675
1130;F65+;2014;1725
1130;F65+;2015;1775
1133;F0-19;2013;760
1133;F0-19;2014;771
1133;F0-19;2015;780
1133;F20-64;2013;1563
1133;F20-64;2014;1541
1133;F20-64;2015;1502
1133;F65+;2013;476
1133;F65+;2014;475
1133;F65+;2015;503
1134;F0-19;2013;1013
1134;F0-19;2014;1027
1134;F0-19;2015;1036
1134;F20-64;2013;2128
1134;F20-64;2014;2114
1134;F20-64;2015;2115
1134;F65+;2013;731
1134;F65+;2014;740
1134;F65+;2015;741
1135;F0-19;2013;1163
1135;F0-19;2014;1165
1135;F0-19;2015;1123
1135;F20-64;2013;2628
1135;F20-64;2014;2630
1135;F20-64;2015;2675
1135;F65+;2013;954
1135;F65+;2014;965
1135;F65+;2015;958
1141;F0-19;2013;800
1141;F0-19;2014;812
1141;F0-19;2015;838
1141;F20-64;2013;1708
1141;F20-64;2014;1730
1141;F20-64;2015;1793
1141;F65+;2013;507
1141;F65+;2014;516
1141;F65+;2015;516
1142;F0-19;2013;1441
1142;F0-19;2014;1468
1142;F0-19;2015;1447
1142;F20-64;2013;2669
1142;F20-64;2014;2762
1142;F20-64;2015;2805
1142;F65+;2013;509
1142;F65+;2014;525
1142;F65+;2015;542
1144;F0-19;2013;134
1144;F0-19;2014;133
1144;F0-19;2015;135
1144;F20-64;2013;269
1144;F20-64;2014;282
1144;F20-64;2015;285
1144;F65+;2013;125
1144;F65+;2014;116
1144;F65+;2015;114
1145;F0-19;2013;237
1145;F0-19;2014;227
1145;F0-19;2015;226
1145;F20-64;2013;466
1145;F20-64;2014;477
1145;F20-64;2015;473
1145;F65+;2013;162
1145;F65+;2014;164
1145;F65+;2015;166
1146;F0-19;2013;3196
1146;F0-19;2014;3216
1146;F0-19;2015;3299
1146;F20-64;2013;5861
1146;F20-64;2014;5963
1146;F20-64;2015;5995
1146;F65+;2013;1430
1146;F65+;2014;1489
1146;F65+;2015;1563
1149;F0-19;2013;11402
1149;F0-19;2014;11468
1149;F0-19;2015;11470
1149;F20-64;2013;23788
1149;F20-64;2014;24106
1149;F20-64;2015;24185
1149;F65+;2013;5928
1149;F65+;2014;6179
1149;F65+;2015;6407
1151;F0-19;2013;48
1151;F0-19;2014;52
1151;F0-19;2015;54
1151;F20-64;2013;124
1151;F20-64;2014;123
1151;F20-64;2015;116
1151;F65+;2013;37
1151;F65+;2014;36
1151;F65+;2015;36
1160;F0-19;2013;2379
1160;F0-19;2014;2376
1160;F0-19;2015;2363
1160;F20-64;2013;4832
1160;F20-64;2014;4946
1160;F20-64;2015;4948
1160;F65+;2013;1404
1160;F65+;2014;1425
1160;F65+;2015;1454
1201;F0-19;2013;63659
1201;F0-19;2014;63877
1201;F0-19;2015;63745
1201;F20-64;2013;165504
1201;F20-64;2014;168513
1201;F20-64;2015;171044
1201;F65+;2013;38787
1201;F65+;2014;39559
1201;F65+;2015;40323
1211;F0-19;2013;1027
1211;F0-19;2014;1041
1211;F0-19;2015;1053
1211;F20-64;2013;2263
1211;F20-64;2014;2271
1211;F20-64;2015;2298
1211;F65+;2013;750
1211;F65+;2014;745
1211;F65+;2015;752
1216;F0-19;2013;1543
1216;F0-19;2014;1579
1216;F0-19;2015;1583
1216;F20-64;2013;3100
1216;F20-64;2014;3102
1216;F20-64;2015;3126
1216;F65+;2013;757
1216;F65+;2014;782
1216;F65+;2015;800
1219;F0-19;2013;3402
1219;F0-19;2014;3397
1219;F0-19;2015;3369
1219;F20-64;2013;6505
1219;F20-64;2014;6573
1219;F20-64;2015;6537
1219;F65+;2013;1731
1219;F65+;2014;1779
1219;F65+;2015;1855
1221;F0-19;2013;5173
1221;F0-19;2014;5134
1221;F0-19;2015;5142
1221;F20-64;2013;10455
1221;F20-64;2014;10672
1221;F20-64;2015;10788
1221;F65+;2013;2533
1221;F65+;2014;2619
1221;F65+;2015;2755
1222;F0-19;2013;853
1222;F0-19;2014;856
1222;F0-19;2015;853
1222;F20-64;2013;1695
1222;F20-64;2014;1710
1222;F20-64;2015;1767
1222;F65+;2013;432
1222;F65+;2014;443
1222;F65+;2015;473
1223;F0-19;2013;632
1223;F0-19;2014;613
1223;F0-19;2015;636
1223;F20-64;2013;1464
1223;F20-64;2014;1467
1223;F20-64;2015;1476
1223;F65+;2013;640
1223;F65+;2014;665
1223;F65+;2015;670
1224;F0-19;2013;3535
1224;F0-19;2014;3485
1224;F0-19;2015;3437
1224;F20-64;2013;7310
1224;F20-64;2014;7193
1224;F20-64;2015;7159
1224;F65+;2013;2460
1224;F65+;2014;2554
1224;F65+;2015;2638
1227;F0-19;2013;242
1227;F0-19;2014;249
1227;F0-19;2015;242
1227;F20-64;2013;556
1227;F20-64;2014;581
1227;F20-64;2015;583
1227;F65+;2013;248
1227;F65+;2014;264
1227;F65+;2015;275
1228;F0-19;2013;1559
1228;F0-19;2014;1516
1228;F0-19;2015;1504
1228;F20-64;2013;3916
1228;F20-64;2014;3961
1228;F20-64;2015;3927
1228;F65+;2013;1513
1228;F65+;2014;1529
1228;F65+;2015;1521
1231;F0-19;2013;829
1231;F0-19;2014;815
1231;F0-19;2015;821
1231;F20-64;2013;1817
1231;F20-64;2014;1797
1231;F20-64;2015;1817
1231;F65+;2013;757
1231;F65+;2014;757
1231;F65+;2015;773
1232;F0-19;2013;210
1232;F0-19;2014;201
1232;F0-19;2015;196
1232;F20-64;2013;561
1232;F20-64;2014;561
1232;F20-64;2015;561
1232;F65+;2013;181
1232;F65+;2014;188
1232;F65+;2015;193
1233;F0-19;2013;256
1233;F0-19;2014;253
1233;F0-19;2015;243
1233;F20-64;2013;591
1233;F20-64;2014;573
1233;F20-64;2015;599
1233;F65+;2013;266
1233;F65+;2014;268
1233;F65+;2015;265
1234;F0-19;2013;196
1234;F0-19;2014;185
1234;F0-19;2015;181
1234;F20-64;2013;518
1234;F20-64;2014;524
1234;F20-64;2015;528
1234;F65+;2013;190
1234;F65+;2014;202
1234;F65+;2015;212
1235;F0-19;2013;3489
1235;F0-19;2014;3462
1235;F0-19;2015;3500
1235;F20-64;2013;7775
1235;F20-64;2014;7848
1235;F20-64;2015;7937
1235;F65+;2013;2797
1235;F65+;2014;2858
1235;F65+;2015;2910
1238;F0-19;2013;2112
1238;F0-19;2014;2102
1238;F0-19;2015;2077
1238;F20-64;2013;4766
1238;F20-64;2014;4755
1238;F20-64;2015;4691
1238;F65+;2013;1706
1238;F65+;2014;1727
1238;F65+;2015;1771
1241;F0-19;2013;1030
1241;F0-19;2014;1020
1241;F0-19;2015;1007
1241;F20-64;2013;2054
1241;F20-64;2014;2064
1241;F20-64;2015;2059
1241;F65+;2013;734
1241;F65+;2014;745
1241;F65+;2015;772
1242;F0-19;2013;598
1242;F0-19;2014;588
1242;F0-19;2015;591
1242;F20-64;2013;1394
1242;F20-64;2014;1388
1242;F20-64;2015;1375
1242;F65+;2013;442
1242;F65+;2014;460
1242;F65+;2015;477
1243;F0-19;2013;5174
1243;F0-19;2014;5331
1243;F0-19;2015;5440
1243;F20-64;2013;10576
1243;F20-64;2014;10830
1243;F20-64;2015;11010
1243;F65+;2013;2392
1243;F65+;2014;2517
1243;F65+;2015;2647
1244;F0-19;2013;1371
1244;F0-19;2014;1367
1244;F0-19;2015;1402
1244;F20-64;2013;2744
1244;F20-64;2014;2798
1244;F20-64;2015;2835
1244;F65+;2013;723
1244;F65+;2014;759
1244;F65+;2015;775
1245;F0-19;2013;1862
1245;F0-19;2014;1883
1245;F0-19;2015;1902
1245;F20-64;2013;3813
1245;F20-64;2014;3861
1245;F20-64;2015;3908
1245;F65+;2013;839
1245;F65+;2014;891
1245;F65+;2015;942
1246;F0-19;2013;7150
1246;F0-19;2014;7176
1246;F0-19;2015;7195
1246;F20-64;2013;13574
1246;F20-64;2014;13949
1246;F20-64;2015;14353
1246;F65+;2013;2553
1246;F65+;2014;2727
1246;F65+;2015;2879
1247;F0-19;2013;8052
1247;F0-19;2014;8164
1247;F0-19;2015;8264
1247;F20-64;2013;15457
1247;F20-64;2014;15705
1247;F20-64;2015;15937
1247;F65+;2013;3322
1247;F65+;2014;3477
1247;F65+;2015;3657
1251;F0-19;2013;1006
1251;F0-19;2014;983
1251;F0-19;2015;947
1251;F20-64;2013;2208
1251;F20-64;2014;2247
1251;F20-64;2015;2258
1251;F65+;2013;918
1251;F65+;2014;910
1251;F65+;2015;891
1252;F0-19;2013;108
1252;F0-19;2014;103
1252;F0-19;2015;101
1252;F20-64;2013;214
1252;F20-64;2014;205
1252;F20-64;2015;213
1252;F65+;2013;61
1252;F65+;2014;64
1252;F65+;2015;64
1253;F0-19;2013;2083
1253;F0-19;2014;2092
1253;F0-19;2015;2103
1253;F20-64;2013;4311
1253;F20-64;2014;4378
1253;F20-64;2015;4377
1253;F65+;2013;1280
1253;F65+;2014;1316
1253;F65+;2015;1362
1256;F0-19;2013;2236
1256;F0-19;2014;2257
1256;F0-19;2015;2313
1256;F20-64;2013;4261
1256;F20-64;2014;4390
1256;F20-64;2015;4442
1256;F65+;2013;850
1256;F65+;2014;897
1256;F65+;2015;981
1259;F0-19;2013;1262
1259;F0-19;2014;1295
1259;F0-19;2015;1293
1259;F20-64;2013;2616
1259;F20-64;2014;2700
1259;F20-64;2015;2719
1259;F65+;2013;685
1259;F65+;2014;709
1259;F65+;2015;721
1260;F0-19;2013;1299
1260;F0-19;2014;1309
1260;F0-19;2015;1293
1260;F20-64;2013;2874
1260;F20-64;2014;2876
1260;F20-64;2015;2846
1260;F65+;2013;830
1260;F65+;2014;854
1260;F65+;2015;875
1263;F0-19;2013;4109
1263;F0-19;2014;4142
1263;F0-19;2015;4228
1263;F20-64;2013;8449
1263;F20-64;2014;8549
1263;F20-64;2015;8704
1263;F65+;2013;2262
1263;F65+;2014;2378
1263;F65+;2015;2470
1264;F0-19;2013;689
1264;F0-19;2014;681
1264;F0-19;2015;704
1264;F20-64;2013;1638
1264;F20-64;2014;1639
1264;F20-64;2015;1611
1264;F65+;2013;506
1264;F65+;2014;513
1264;F65+;2015;541
1265;F0-19;2013;142
1265;F0-19;2014;143
1265;F0-19;2015;143
1265;F20-64;2013;294
1265;F20-64;2014;283
1265;F20-64;2015;289
1265;F65+;2013;133
1265;F65+;2014;135
1265;F65+;2015;131
1266;F0-19;2013;420
1266;F0-19;2014;415
1266;F0-19;2015;410
1266;F20-64;2013;899
1266;F20-64;2014;889
1266;F20-64;2015;905
1266;F65+;2013;377
1266;F65+;2014;389
1266;F65+;2015;389
1401;F0-19;2013;3272
1401;F0-19;2014;3247
1401;F0-19;2015;3208
1401;F20-64;2013;6751
1401;F20-64;2014;6799
1401;F20-64;2015;6873
1401;F65+;2013;1674
1401;F65+;2014;1733
1401;F65+;2015;1781
1411;F0-19;2013;558
1411;F0-19;2014;563
1411;F0-19;2015;547
1411;F20-64;2013;1258
1411;F20-64;2014;1250
1411;F20-64;2015;1265
1411;F65+;2013;489
1411;F65+;2014;502
1411;F65+;2015;523
1412;F0-19;2013;177
1412;F0-19;2014;166
1412;F0-19;2015;159
1412;F20-64;2013;470
1412;F20-64;2014;453
1412;F20-64;2015;450
1412;F65+;2013;195
1412;F65+;2014;196
1412;F65+;2015;191
1413;F0-19;2013;328
1413;F0-19;2014;311
1413;F0-19;2015;312
1413;F20-64;2013;751
1413;F20-64;2014;734
1413;F20-64;2015;746
1413;F65+;2013;349
1413;F65+;2014;346
1413;F65+;2015;347
1416;F0-19;2013;1067
1416;F0-19;2014;1061
1416;F0-19;2015;1025
1416;F20-64;2013;2311
1416;F20-64;2014;2268
1416;F20-64;2015;2291
1416;F65+;2013;844
1416;F65+;2014;854
1416;F65+;2015;853
1417;F0-19;2013;633
1417;F0-19;2014;619
1417;F0-19;2015;612
1417;F20-64;2013;1452
1417;F20-64;2014;1410
1417;F20-64;2015;1405
1417;F65+;2013;646
1417;F65+;2014;659
1417;F65+;2015;661
1418;F0-19;2013;328
1418;F0-19;2014;311
1418;F0-19;2015;297
1418;F20-64;2013;757
1418;F20-64;2014;735
1418;F20-64;2015;744
1418;F65+;2013;252
1418;F65+;2014;260
1418;F65+;2015;263
1419;F0-19;2013;600
1419;F0-19;2014;603
1419;F0-19;2015;587
1419;F20-64;2013;1252
1419;F20-64;2014;1248
1419;F20-64;2015;1253
1419;F65+;2013;403
1419;F65+;2014;417
1419;F65+;2015;436
1420;F0-19;2013;1897
1420;F0-19;2014;1897
1420;F0-19;2015;1896
1420;F20-64;2013;4421
1420;F20-64;2014;4533
1420;F20-64;2015;4565
1420;F65+;2013;1159
1420;F65+;2014;1193
1420;F65+;2015;1216
1421;F0-19;2013;369
1421;F0-19;2014;359
1421;F0-19;2015;353
1421;F20-64;2013;1001
1421;F20-64;2014;1004
1421;F20-64;2015;1019
1421;F65+;2013;344
1421;F65+;2014;352
1421;F65+;2015;366
1422;F0-19;2013;529
1422;F0-19;2014;515
1422;F0-19;2015;492
1422;F20-64;2013;1224
1422;F20-64;2014;1213
1422;F20-64;2015;1197
1422;F65+;2013;423
1422;F65+;2014;446
1422;F65+;2015;457
1424;F0-19;2013;1248
1424;F0-19;2014;1197
1424;F0-19;2015;1184
1424;F20-64;2013;3108
1424;F20-64;2014;3132
1424;F20-64;2015;3080
1424;F65+;2013;1165
1424;F65+;2014;1167
1424;F65+;2015;1165
1426;F0-19;2013;1295
1426;F0-19;2014;1314
1426;F0-19;2015;1322
1426;F20-64;2013;2781
1426;F20-64;2014;2792
1426;F20-64;2015;2792
1426;F65+;2013;965
1426;F65+;2014;983
1426;F65+;2015;1004
1428;F0-19;2013;721
1428;F0-19;2014;694
1428;F0-19;2015;692
1428;F20-64;2013;1562
1428;F20-64;2014;1589
1428;F20-64;2015;1571
1428;F65+;2013;735
1428;F65+;2014;728
1428;F65+;2015;745
1429;F0-19;2013;815
1429;F0-19;2014;800
1429;F0-19;2015;767
1429;F20-64;2013;1464
1429;F20-64;2014;1447
1429;F20-64;2015;1455
1429;F65+;2013;592
1429;F65+;2014;606
1429;F65+;2015;601
1430;F0-19;2013;793
1430;F0-19;2014;798
1430;F0-19;2015;805
1430;F20-64;2013;1625
1430;F20-64;2014;1615
1430;F20-64;2015;1623
1430;F65+;2013;505
1430;F65+;2014;515
1430;F65+;2015;532
1431;F0-19;2013;850
1431;F0-19;2014;833
1431;F0-19;2015;821
1431;F20-64;2013;1704
1431;F20-64;2014;1693
1431;F20-64;2015;1668
1431;F65+;2013;524
1431;F65+;2014;544
1431;F65+;2015;537
1432;F0-19;2013;3630
1432;F0-19;2014;3607
1432;F0-19;2015;3592
1432;F20-64;2013;7503
1432;F20-64;2014;7582
1432;F20-64;2015;7652
1432;F65+;2013;1426
1432;F65+;2014;1496
1432;F65+;2015;1557
1433;F0-19;2013;710
1433;F0-19;2014;732
1433;F0-19;2015;723
1433;F20-64;2013;1510
1433;F20-64;2014;1546
1433;F20-64;2015;1545
1433;F65+;2013;493
1433;F65+;2014;498
1433;F65+;2015;509
1438;F0-19;2013;968
1438;F0-19;2014;977
1438;F0-19;2015;951
1438;F20-64;2013;2056
1438;F20-64;2014;2058
1438;F20-64;2015;2017
1438;F65+;2013;921
1438;F65+;2014;915
1438;F65+;2015;922
1439;F0-19;2013;1537
1439;F0-19;2014;1528
1439;F0-19;2015;1514
1439;F20-64;2013;3434
1439;F20-64;2014;3395
1439;F20-64;2015;3380
1439;F65+;2013;1148
1439;F65+;2014;1168
1439;F65+;2015;1188
1441;F0-19;2013;687
1441;F0-19;2014;675
1441;F0-19;2015;642
1441;F20-64;2013;1540
1441;F20-64;2014;1525
1441;F20-64;2015;1513
1441;F65+;2013;562
1441;F65+;2014;582
1441;F65+;2015;597
1443;F0-19;2013;1614
1443;F0-19;2014;1601
1443;F0-19;2015;1601
1443;F20-64;2013;3329
1443;F20-64;2014;3302
1443;F20-64;2015;3324
1443;F65+;2013;977
1443;F65+;2014;1023
1443;F65+;2015;1062
1444;F0-19;2013;341
1444;F0-19;2014;331
1444;F0-19;2015;314
1444;F20-64;2013;658
1444;F20-64;2014;654
1444;F20-64;2015;667
1444;F65+;2013;239
1444;F65+;2014;238
1444;F65+;2015;240
1445;F0-19;2013;1471
1445;F0-19;2014;1455
1445;F0-19;2015;1477
1445;F20-64;2013;3078
1445;F20-64;2014;3089
1445;F20-64;2015;3082
1445;F65+;2013;1127
1445;F65+;2014;1150
1445;F65+;2015;1192
1449;F0-19;2013;1885
1449;F0-19;2014;1877
1449;F0-19;2015;1854
1449;F20-64;2013;3973
1449;F20-64;2014;3976
1449;F20-64;2015;4005
1449;F65+;2013;1247
1449;F65+;2014;1281
1449;F65+;2015;1296
1502;F0-19;2013;6326
1502;F0-19;2014;6305
1502;F0-19;2015;6299
1502;F20-64;2013;15270
1502;F20-64;2014;15251
1502;F20-64;2015;15455
1502;F65+;2013;4340
1502;F65+;2014;4492
1502;F65+;2015;4638
1504;F0-19;2013;11181
1504;F0-19;2014;11252
1504;F0-19;2015;11302
1504;F20-64;2013;27112
1504;F20-64;2014;27562
1504;F20-64;2015;27895
1504;F65+;2013;6740
1504;F65+;2014;6933
1504;F65+;2015;7119
1505;F0-19;2013;5723
1505;F0-19;2014;5724
1505;F0-19;2015;5718
1505;F20-64;2013;14395
1505;F20-64;2014;14538
1505;F20-64;2015;14506
1505;F65+;2013;4013
1505;F65+;2014;4133
1505;F65+;2015;4283
1511;F0-19;2013;763
1511;F0-19;2014;739
1511;F0-19;2015;708
1511;F20-64;2013;1807
1511;F20-64;2014;1769
1511;F20-64;2015;1734
1511;F65+;2013;766
1511;F65+;2014;794
1511;F65+;2015;816
1514;F0-19;2013;584
1514;F0-19;2014;593
1514;F0-19;2015;568
1514;F20-64;2013;1493
1514;F20-64;2014;1496
1514;F20-64;2015;1520
1514;F65+;2013;551
1514;F65+;2014;547
1514;F65+;2015;547
1515;F0-19;2013;2299
1515;F0-19;2014;2283
1515;F0-19;2015;2271
1515;F20-64;2013;5037
1515;F20-64;2014;5009
1515;F20-64;2015;5078
1515;F65+;2013;1511
1515;F65+;2014;1555
1515;F65+;2015;1585
1516;F0-19;2013;2178
1516;F0-19;2014;2214
1516;F0-19;2015;2275
1516;F20-64;2013;4675
1516;F20-64;2014;4751
1516;F20-64;2015;4848
1516;F65+;2013;1074
1516;F65+;2014;1127
1516;F65+;2015;1169
1517;F0-19;2013;1329
1517;F0-19;2014;1296
1517;F0-19;2015;1279
1517;F20-64;2013;2917
1517;F20-64;2014;2898
1517;F20-64;2015;2922
1517;F65+;2013;811
1517;F65+;2014;827
1517;F65+;2015;864
1519;F0-19;2013;2284
1519;F0-19;2014;2250
1519;F0-19;2015;2257
1519;F20-64;2013;5021
1519;F20-64;2014;5088
1519;F20-64;2015;5107
1519;F65+;2013;1522
1519;F65+;2014;1571
1519;F65+;2015;1613
1520;F0-19;2013;2679
1520;F0-19;2014;2683
1520;F0-19;2015;2673
1520;F20-64;2013;5880
1520;F20-64;2014;5920
1520;F20-64;2015;5940
1520;F65+;2013;1897
1520;F65+;2014;1933
1520;F65+;2015;1976
1523;F0-19;2013;549
1523;F0-19;2014;552
1523;F0-19;2015;558
1523;F20-64;2013;1310
1523;F20-64;2014;1326
1523;F20-64;2015;1301
1523;F65+;2013;408
1523;F65+;2014;423
1523;F65+;2015;435
1524;F0-19;2013;446
1524;F0-19;2014;432
1524;F0-19;2015;423
1524;F20-64;2013;921
1524;F20-64;2014;883
1524;F20-64;2015;873
1524;F65+;2013;372
1524;F65+;2014;370
1524;F65+;2015;380
1525;F0-19;2013;1098
1525;F0-19;2014;1100
1525;F0-19;2015;1082
1525;F20-64;2013;2560
1525;F20-64;2014;2544
1525;F20-64;2015;2537
1525;F65+;2013;952
1525;F65+;2014;972
1525;F65+;2015;986
1526;F0-19;2013;287
1526;F0-19;2014;281
1526;F0-19;2015;288
1526;F20-64;2013;575
1526;F20-64;2014;570
1526;F20-64;2015;563
1526;F65+;2013;190
1526;F65+;2014;184
1526;F65+;2015;192
1528;F0-19;2013;2028
1528;F0-19;2014;2009
1528;F0-19;2015;1981
1528;F20-64;2013;4378
1528;F20-64;2014;4409
1528;F20-64;2015;4381
1528;F65+;2013;1267
1528;F65+;2014;1312
1528;F65+;2015;1345
1529;F0-19;2013;1220
1529;F0-19;2014;1249
1529;F0-19;2015;1254
1529;F20-64;2013;2499
1529;F20-64;2014;2534
1529;F20-64;2015;2587
1529;F65+;2013;563
1529;F65+;2014;604
1529;F65+;2015;624
1531;F0-19;2013;2354
1531;F0-19;2014;2412
1531;F0-19;2015;2498
1531;F20-64;2013;4764
1531;F20-64;2014;4926
1531;F20-64;2015;5013
1531;F65+;2013;1279
1531;F65+;2014;1313
1531;F65+;2015;1344
1532;F0-19;2013;2182
1532;F0-19;2014;2217
1532;F0-19;2015;2283
1532;F20-64;2013;4251
1532;F20-64;2014;4388
1532;F20-64;2015;4487
1532;F65+;2013;1108
1532;F65+;2014;1134
1532;F65+;2015;1154
1534;F0-19;2013;2297
1534;F0-19;2014;2319
1534;F0-19;2015;2287
1534;F20-64;2013;5078
1534;F20-64;2014;5073
1534;F20-64;2015;5124
1534;F65+;2013;1645
1534;F65+;2014;1692
1534;F65+;2015;1709
1535;F0-19;2013;1613
1535;F0-19;2014;1580
1535;F0-19;2015;1563
1535;F20-64;2013;3827
1535;F20-64;2014;3836
1535;F20-64;2015;3926
1535;F65+;2013;1186
1535;F65+;2014;1199
1535;F65+;2015;1219
1539;F0-19;2013;1781
1539;F0-19;2014;1795
1539;F0-19;2015;1779
1539;F20-64;2013;4141
1539;F20-64;2014;4113
1539;F20-64;2015;4090
1539;F65+;2013;1499
1539;F65+;2014;1545
1539;F65+;2015;1576
1543;F0-19;2013;690
1543;F0-19;2014;683
1543;F0-19;2015;649
1543;F20-64;2013;1693
1543;F20-64;2014;1689
1543;F20-64;2015;1683
1543;F65+;2013;612
1543;F65+;2014;629
1543;F65+;2015;643
1545;F0-19;2013;551
1545;F0-19;2014;561
1545;F0-19;2015;564
1545;F20-64;2013;1045
1545;F20-64;2014;1051
1545;F20-64;2015;1082
1545;F65+;2013;414
1545;F65+;2014;424
1545;F65+;2015;422
1546;F0-19;2013;320
1546;F0-19;2014;313
1546;F0-19;2015;305
1546;F20-64;2013;702
1546;F20-64;2014;693
1546;F20-64;2015;677
1546;F65+;2013;269
1546;F65+;2014;279
1546;F65+;2015;280
1547;F0-19;2013;882
1547;F0-19;2014;901
1547;F0-19;2015;940
1547;F20-64;2013;1836
1547;F20-64;2014;1840
1547;F20-64;2015;1878
1547;F65+;2013;621
1547;F65+;2014;636
1547;F65+;2015;648
1548;F0-19;2013;2522
1548;F0-19;2014;2547
1548;F0-19;2015;2533
1548;F20-64;2013;5546
1548;F20-64;2014;5568
1548;F20-64;2015;5595
1548;F65+;2013;1546
1548;F65+;2014;1605
1548;F65+;2015;1659
1551;F0-19;2013;972
1551;F0-19;2014;953
1551;F0-19;2015;941
1551;F20-64;2013;1950
1551;F20-64;2014;1945
1551;F20-64;2015;1939
1551;F65+;2013;554
1551;F65+;2014;573
1551;F65+;2015;583
1554;F0-19;2013;1419
1554;F0-19;2014;1416
1554;F0-19;2015;1432
1554;F20-64;2013;3225
1554;F20-64;2014;3244
1554;F20-64;2015;3306
1554;F65+;2013;1007
1554;F65+;2014;1027
1554;F65+;2015;1056
1557;F0-19;2013;629
1557;F0-19;2014;617
1557;F0-19;2015;616
1557;F20-64;2013;1428
1557;F20-64;2014;1439
1557;F20-64;2015;1423
1557;F65+;2013;500
1557;F65+;2014;509
1557;F65+;2015;541
1560;F0-19;2013;702
1560;F0-19;2014;686
1560;F0-19;2015;680
1560;F20-64;2013;1723
1560;F20-64;2014;1687
1560;F20-64;2015;1706
1560;F65+;2013;691
1560;F65+;2014;691
1560;F65+;2015;704
1563;F0-19;2013;1688
1563;F0-19;2014;1649
1563;F0-19;2015;1670
1563;F20-64;2013;4137
1563;F20-64;2014;4122
1563;F20-64;2015;4087
1563;F65+;2013;1380
1563;F65+;2014;1400
1563;F65+;2015;1398
1566;F0-19;2013;1438
1566;F0-19;2014;1426
1566;F0-19;2015;1412
1566;F20-64;2013;3278
1566;F20-64;2014;3304
1566;F20-64;2015;3309
1566;F65+;2013;1211
1566;F65+;2014;1224
1566;F65+;2015;1255
1567;F0-19;2013;524
1567;F0-19;2014;504
1567;F0-19;2015;506
1567;F20-64;2013;1081
1567;F20-64;2014;1072
1567;F20-64;2015;1056
1567;F65+;2013;456
1567;F65+;2014;470
1567;F65+;2015;476
1571;F0-19;2013;336
1571;F0-19;2014;331
1571;F0-19;2015;330
1571;F20-64;2013;879
1571;F20-64;2014;850
1571;F20-64;2015;828
1571;F65+;2013;391
1571;F65+;2014;400
1571;F65+;2015;405
1573;F0-19;2013;474
1573;F0-19;2014;454
1573;F0-19;2015;444
1573;F20-64;2013;1209
1573;F20-64;2014;1220
1573;F20-64;2015;1223
1573;F65+;2013;497
1573;F65+;2014;492
1573;F65+;2015;479
1576;F0-19;2013;821
1576;F0-19;2014;805
1576;F0-19;2015;789
1576;F20-64;2013;1988
1576;F20-64;2014;1987
1576;F20-64;2015;1957
1576;F65+;2013;761
1576;F65+;2014;785
1576;F65+;2015;803
5001;F0-19;2013;0
5001;F0-19;2014;0
5001;F0-19;2015;0
5001;F20-64;2013;0
5001;F20-64;2014;0
5001;F20-64;2015;0
5001;F65+;2013;0
5001;F65+;2014;0
5001;F65+;2015;0
5004;F0-19;2013;0
5004;F0-19;2014;0
5004;F0-19;2015;0
5004;F20-64;2013;0
5004;F20-64;2014;0
5004;F20-64;2015;0
5004;F65+;2013;0
5004;F65+;2014;0
5004;F65+;2015;0
5005;F0-19;2013;0
5005;F0-19;2014;0
5005;F0-19;2015;0
5005;F20-64;2013;0
5005;F20-64;2014;0
5005;F20-64;2015;0
5005;F65+;2013;0
5005;F65+;2014;0
5005;F65+;2015;0
5011;F0-19;2013;0
5011;F0-19;2014;0
5011;F0-19;2015;0
5011;F20-64;2013;0
5011;F20-64;2014;0
5011;F20-64;2015;0
5011;F65+;2013;0
5011;F65+;2014;0
5011;F65+;2015;0
5012;F0-19;2013;0
5012;F0-19;2014;0
5012;F0-19;2015;0
5012;F20-64;2013;0
5012;F20-64;2014;0
5012;F20-64;2015;0
5012;F65+;2013;0
5012;F65+;2014;0
5012;F65+;2015;0
5013;F0-19;2013;0
5013;F0-19;2014;0
5013;F0-19;2015;0
5013;F20-64;2013;0
5013;F20-64;2014;0
5013;F20-64;2015;0
5013;F65+;2013;0
5013;F65+;2014;0
5013;F65+;2015;0
5014;F0-19;2013;0
5014;F0-19;2014;0
5014;F0-19;2015;0
5014;F20-64;2013;0
5014;F20-64;2014;0
5014;F20-64;2015;0
5014;F65+;2013;0
5014;F65+;2014;0
5014;F65+;2015;0
5015;F0-19;2013;0
5015;F0-19;2014;0
5015;F0-19;2015;0
5015;F20-64;2013;0
5015;F20-64;2014;0
5015;F20-64;2015;0
5015;F65+;2013;0
5015;F65+;2014;0
5015;F65+;2015;0
5016;F0-19;2013;0
5016;F0-19;2014;0
5016;F0-19;2015;0
5016;F20-64;2013;0
5016;F20-64;2014;0
5016;F20-64;2015;0
5016;F65+;2013;0
5016;F65+;2014;0
5016;F65+;2015;0
5017;F0-19;2013;0
5017;F0-19;2014;0
5017;F0-19;2015;0
5017;F20-64;2013;0
5017;F20-64;2014;0
5017;F20-64;2015;0
5017;F65+;2013;0
5017;F65+;2014;0
5017;F65+;2015;0
5018;F0-19;2013;0
5018;F0-19;2014;0
5018;F0-19;2015;0
5018;F20-64;2013;0
5018;F20-64;2014;0
5018;F20-64;2015;0
5018;F65+;2013;0
5018;F65+;2014;0
5018;F65+;2015;0
5019;F0-19;2013;0
5019;F0-19;2014;0
5019;F0-19;2015;0
5019;F20-64;2013;0
5019;F20-64;2014;0
5019;F20-64;2015;0
5019;F65+;2013;0
5019;F65+;2014;0
5019;F65+;2015;0
5020;F0-19;2013;0
5020;F0-19;2014;0
5020;F0-19;2015;0
5020;F20-64;2013;0
5020;F20-64;2014;0
5020;F20-64;2015;0
5020;F65+;2013;0
5020;F65+;2014;0
5020;F65+;2015;0
5021;F0-19;2013;0
5021;F0-19;2014;0
5021;F0-19;2015;0
5021;F20-64;2013;0
5021;F20-64;2014;0
5021;F20-64;2015;0
5021;F65+;2013;0
5021;F65+;2014;0
5021;F65+;2015;0
5022;F0-19;2013;0
5022;F0-19;2014;0
5022;F0-19;2015;0
5022;F20-64;2013;0
5022;F20-64;2014;0
5022;F20-64;2015;0
5022;F65+;2013;0
5022;F65+;2014;0
5022;F65+;2015;0
5023;F0-19;2013;0
5023;F0-19;2014;0
5023;F0-19;2015;0
5023;F20-64;2013;0
5023;F20-64;2014;0
5023;F20-64;2015;0
5023;F65+;2013;0
5023;F65+;2014;0
5023;F65+;2015;0
5024;F0-19;2013;0
5024;F0-19;2014;0
5024;F0-19;2015;0
5024;F20-64;2013;0
5024;F20-64;2014;0
5024;F20-64;2015;0
5024;F65+;2013;0
5024;F65+;2014;0
5024;F65+;2015;0
5025;F0-19;2013;0
5025;F0-19;2014;0
5025;F0-19;2015;0
5025;F20-64;2013;0
5025;F20-64;2014;0
5025;F20-64;2015;0
5025;F65+;2013;0
5025;F65+;2014;0
5025;F65+;2015;0
5026;F0-19;2013;0
5026;F0-19;2014;0
5026;F0-19;2015;0
5026;F20-64;2013;0
5026;F20-64;2014;0
5026;F20-64;2015;0
5026;F65+;2013;0
5026;F65+;2014;0
5026;F65+;2015;0
5027;F0-19;2013;0
5027;F0-19;2014;0
5027;F0-19;2015;0
5027;F20-64;2013;0
5027;F20-64;2014;0
5027;F20-64;2015;0
5027;F65+;2013;0
5027;F65+;2014;0
5027;F65+;2015;0
5028;F0-19;2013;0
5028;F0-19;2014;0
5028;F0-19;2015;0
5028;F20-64;2013;0
5028;F20-64;2014;0
5028;F20-64;2015;0
5028;F65+;2013;0
5028;F65+;2014;0
5028;F65+;2015;0
5029;F0-19;2013;0
5029;F0-19;2014;0
5029;F0-19;2015;0
5029;F20-64;2013;0
5029;F20-64;2014;0
5029;F20-64;2015;0
5029;F65+;2013;0
5029;F65+;2014;0
5029;F65+;2015;0
5030;F0-19;2013;0
5030;F0-19;2014;0
5030;F0-19;2015;0
5030;F20-64;2013;0
5030;F20-64;2014;0
5030;F20-64;2015;0
5030;F65+;2013;0
5030;F65+;2014;0
5030;F65+;2015;0
5031;F0-19;2013;0
5031;F0-19;2014;0
5031;F0-19;2015;0
5031;F20-64;2013;0
5031;F20-64;2014;0
5031;F20-64;2015;0
5031;F65+;2013;0
5031;F65+;2014;0
5031;F65+;2015;0
5032;F0-19;2013;0
5032;F0-19;2014;0
5032;F0-19;2015;0
5032;F20-64;2013;0
5032;F20-64;2014;0
5032;F20-64;2015;0
5032;F65+;2013;0
5032;F65+;2014;0
5032;F65+;2015;0
5033;F0-19;2013;0
5033;F0-19;2014;0
5033;F0-19;2015;0
5033;F20-64;2013;0
5033;F20-64;2014;0
5033;F20-64;2015;0
5033;F65+;2013;0
5033;F65+;2014;0
5033;F65+;2015;0
5034;F0-19;2013;0
5034;F0-19;2014;0
5034;F0-19;2015;0
5034;F20-64;2013;0
5034;F20-64;2014;0
5034;F20-64;2015;0
5034;F65+;2013;0
5034;F65+;2014;0
5034;F65+;2015;0
5035;F0-19;2013;0
5035;F0-19;2014;0
5035;F0-19;2015;0
5035;F20-64;2013;0
5035;F20-64;2014;0
5035;F20-64;2015;0
5035;F65+;2013;0
5035;F65+;2014;0
5035;F65+;2015;0
5036;F0-19;2013;0
5036;F0-19;2014;0
5036;F0-19;2015;0
5036;F20-64;2013;0
5036;F20-64;2014;0
5036;F20-64;2015;0
5036;F65+;2013;0
5036;F65+;2014;0
5036;F65+;2015;0
5037;F0-19;2013;0
5037;F0-19;2014;0
5037;F0-19;2015;0
5037;F20-64;2013;0
5037;F20-64;2014;0
5037;F20-64;2015;0
5037;F65+;2013;0
5037;F65+;2014;0
5037;F65+;2015;0
5038;F0-19;2013;0
5038;F0-19;2014;0
5038;F0-19;2015;0
5038;F20-64;2013;0
5038;F20-64;2014;0
5038;F20-64;2015;0
5038;F65+;2013;0
5038;F65+;2014;0
5038;F65+;2015;0
5039;F0-19;2013;0
5039;F0-19;2014;0
5039;F0-19;2015;0
5039;F20-64;2013;0
5039;F20-64;2014;0
5039;F20-64;2015;0
5039;F65+;2013;0
5039;F65+;2014;0
5039;F65+;2015;0
5040;F0-19;2013;0
5040;F0-19;2014;0
5040;F0-19;2015;0
5040;F20-64;2013;0
5040;F20-64;2014;0
5040;F20-64;2015;0
5040;F65+;2013;0
5040;F65+;2014;0
5040;F65+;2015;0
5041;F0-19;2013;0
5041;F0-19;2014;0
5041;F0-19;2015;0
5041;F20-64;2013;0
5041;F20-64;2014;0
5041;F20-64;2015;0
5041;F65+;2013;0
5041;F65+;2014;0
5041;F65+;2015;0
5042;F0-19;2013;0
5042;F0-19;2014;0
5042;F0-19;2015;0
5042;F20-64;2013;0
5042;F20-64;2014;0
5042;F20-64;2015;0
5042;F65+;2013;0
5042;F65+;2014;0
5042;F65+;2015;0
5043;F0-19;2013;0
5043;F0-19;2014;0
5043;F0-19;2015;0
5043;F20-64;2013;0
5043;F20-64;2014;0
5043;F20-64;2015;0
5043;F65+;2013;0
5043;F65+;2014;0
5043;F65+;2015;0
5044;F0-19;2013;0
5044;F0-19;2014;0
5044;F0-19;2015;0
5044;F20-64;2013;0
5044;F20-64;2014;0
5044;F20-64;2015;0
5044;F65+;2013;0
5044;F65+;2014;0
5044;F65+;2015;0
5045;F0-19;2013;0
5045;F0-19;2014;0
5045;F0-19;2015;0
5045;F20-64;2013;0
5045;F20-64;2014;0
5045;F20-64;2015;0
5045;F65+;2013;0
5045;F65+;2014;0
5045;F65+;2015;0
5046;F0-19;2013;0
5046;F0-19;2014;0
5046;F0-19;2015;0
5046;F20-64;2013;0
5046;F20-64;2014;0
5046;F20-64;2015;0
5046;F65+;2013;0
5046;F65+;2014;0
5046;F65+;2015;0
5047;F0-19;2013;0
5047;F0-19;2014;0
5047;F0-19;2015;0
5047;F20-64;2013;0
5047;F20-64;2014;0
5047;F20-64;2015;0
5047;F65+;2013;0
5047;F65+;2014;0
5047;F65+;2015;0
5048;F0-19;2013;0
5048;F0-19;2014;0
5048;F0-19;2015;0
5048;F20-64;2013;0
5048;F20-64;2014;0
5048;F20-64;2015;0
5048;F65+;2013;0
5048;F65+;2014;0
5048;F65+;2015;0
5049;F0-19;2013;0
5049;F0-19;2014;0
5049;F0-19;2015;0
5049;F20-64;2013;0
5049;F20-64;2014;0
5049;F20-64;2015;0
5049;F65+;2013;0
5049;F65+;2014;0
5049;F65+;2015;0
5050;F0-19;2013;0
5050;F0-19;2014;0
5050;F0-19;2015;0
5050;F20-64;2013;0
5050;F20-64;2014;0
5050;F20-64;2015;0
5050;F65+;2013;0
5050;F65+;2014;0
5050;F65+;2015;0
5051;F0-19;2013;0
5051;F0-19;2014;0
5051;F0-19;2015;0
5051;F20-64;2013;0
5051;F20-64;2014;0
5051;F20-64;2015;0
5051;F65+;2013;0
5051;F65+;2014;0
5051;F65+;2015;0
5052;F0-19;2013;0
5052;F0-19;2014;0
5052;F0-19;2015;0
5052;F20-64;2013;0
5052;F20-64;2014;0
5052;F20-64;2015;0
5052;F65+;2013;0
5052;F65+;2014;0
5052;F65+;2015;0
5053;F0-19;2013;0
5053;F0-19;2014;0
5053;F0-19;2015;0
5053;F20-64;2013;0
5053;F20-64;2014;0
5053;F20-64;2015;0
5053;F65+;2013;0
5053;F65+;2014;0
5053;F65+;2015;0
5054;F0-19;2013;0
5054;F0-19;2014;0
5054;F0-19;2015;0
5054;F20-64;2013;0
5054;F20-64;2014;0
5054;F20-64;2015;0
5054;F65+;2013;0
5054;F65+;2014;0
5054;F65+;2015;0
5061;F0-19;2013;0
5061;F0-19;2014;0
5061;F0-19;2015;0
5061;F20-64;2013;0
5061;F20-64;2014;0
5061;F20-64;2015;0
5061;F65+;2013;0
5061;F65+;2014;0
5061;F65+;2015;0
1804;F0-19;2013;12556
1804;F0-19;2014;12507
1804;F0-19;2015;12429
1804;F20-64;2013;29885
1804;F20-64;2014;30273
1804;F20-64;2015;30523
1804;F65+;2013;6762
1804;F65+;2014;6951
1804;F65+;2015;7233
1805;F0-19;2013;4330
1805;F0-19;2014;4338
1805;F0-19;2015;4270
1805;F20-64;2013;10855
1805;F20-64;2014;10970
1805;F20-64;2015;11122
1805;F65+;2013;3324
1805;F65+;2014;3397
1805;F65+;2015;3461
1811;F0-19;2013;332
1811;F0-19;2014;325
1811;F0-19;2015;318
1811;F20-64;2013;826
1811;F20-64;2014;791
1811;F20-64;2015;768
1811;F65+;2013;387
1811;F65+;2014;387
1811;F65+;2015;396
1812;F0-19;2013;499
1812;F0-19;2014;499
1812;F0-19;2015;507
1812;F20-64;2013;1133
1812;F20-64;2014;1134
1812;F20-64;2015;1120
1812;F65+;2013;401
1812;F65+;2014;414
1812;F65+;2015;436
1813;F0-19;2013;2082
1813;F0-19;2014;2071
1813;F0-19;2015;2090
1813;F20-64;2013;4470
1813;F20-64;2014;4515
1813;F20-64;2015;4516
1813;F65+;2013;1307
1813;F65+;2014;1311
1813;F65+;2015;1328
1815;F0-19;2013;282
1815;F0-19;2014;274
1815;F0-19;2015;273
1815;F20-64;2013;678
1815;F20-64;2014;659
1815;F20-64;2015;651
1815;F65+;2013;278
1815;F65+;2014;290
1815;F65+;2015;301
1816;F0-19;2013;107
1816;F0-19;2014;108
1816;F0-19;2015;117
1816;F20-64;2013;280
1816;F20-64;2014;272
1816;F20-64;2015;272
1816;F65+;2013;113
1816;F65+;2014;115
1816;F65+;2015;121
1818;F0-19;2013;388
1818;F0-19;2014;380
1818;F0-19;2015;360
1818;F20-64;2013;1019
1818;F20-64;2014;992
1818;F20-64;2015;1020
1818;F65+;2013;352
1818;F65+;2014;361
1818;F65+;2015;357
1820;F0-19;2013;1834
1820;F0-19;2014;1792
1820;F0-19;2015;1787
1820;F20-64;2013;4260
1820;F20-64;2014;4276
1820;F20-64;2015;4307
1820;F65+;2013;1267
1820;F65+;2014;1326
1820;F65+;2015;1360
1822;F0-19;2013;494
1822;F0-19;2014;520
1822;F0-19;2015;523
1822;F20-64;2013;1251
1822;F20-64;2014;1268
1822;F20-64;2015;1266
1822;F65+;2013;399
1822;F65+;2014;400
1822;F65+;2015;399
1824;F0-19;2013;3177
1824;F0-19;2014;3093
1824;F0-19;2015;3090
1824;F20-64;2013;7536
1824;F20-64;2014;7594
1824;F20-64;2015;7592
1824;F65+;2013;2539
1824;F65+;2014;2599
1824;F65+;2015;2670
1825;F0-19;2013;335
1825;F0-19;2014;329
1825;F0-19;2015;322
1825;F20-64;2013;785
1825;F20-64;2014;791
1825;F20-64;2015;783
1825;F65+;2013;339
1825;F65+;2014;345
1825;F65+;2015;353
1826;F0-19;2013;338
1826;F0-19;2014;343
1826;F0-19;2015;343
1826;F20-64;2013;788
1826;F20-64;2014;797
1826;F20-64;2015;818
1826;F65+;2013;345
1826;F65+;2014;360
1826;F65+;2015;372
1827;F0-19;2013;349
1827;F0-19;2014;332
1827;F0-19;2015;329
1827;F20-64;2013;784
1827;F20-64;2014;777
1827;F20-64;2015;753
1827;F65+;2013;298
1827;F65+;2014;311
1827;F65+;2015;325
1828;F0-19;2013;489
1828;F0-19;2014;479
1828;F0-19;2015;464
1828;F20-64;2013;1060
1828;F20-64;2014;1096
1828;F20-64;2015;1078
1828;F65+;2013;326
1828;F65+;2014;327
1828;F65+;2015;329
1832;F0-19;2013;1134
1832;F0-19;2014;1088
1832;F0-19;2015;1057
1832;F20-64;2013;2500
1832;F20-64;2014;2465
1832;F20-64;2015;2462
1832;F65+;2013;986
1832;F65+;2014;1000
1832;F65+;2015;1009
1833;F0-19;2013;6444
1833;F0-19;2014;6375
1833;F0-19;2015;6314
1833;F20-64;2013;14794
1833;F20-64;2014;14947
1833;F20-64;2015;15020
1833;F65+;2013;4514
1833;F65+;2014;4621
1833;F65+;2015;4744
1834;F0-19;2013;443
1834;F0-19;2014;446
1834;F0-19;2015;448
1834;F20-64;2013;1042
1834;F20-64;2014;1020
1834;F20-64;2015;1036
1834;F65+;2013;431
1834;F65+;2014;435
1834;F65+;2015;433
1835;F0-19;2013;139
1835;F0-19;2014;128
1835;F0-19;2015;129
1835;F20-64;2013;279
1835;F20-64;2014;277
1835;F20-64;2015;278
1835;F65+;2013;88
1835;F65+;2014;84
1835;F65+;2015;79
1836;F0-19;2013;362
1836;F0-19;2014;360
1836;F0-19;2015;345
1836;F20-64;2013;694
1836;F20-64;2014;687
1836;F20-64;2015;661
1836;F65+;2013;254
1836;F65+;2014;258
1836;F65+;2015;263
1837;F0-19;2013;1668
1837;F0-19;2014;1628
1837;F0-19;2015;1610
1837;F20-64;2013;3646
1837;F20-64;2014;3579
1837;F20-64;2015;3566
1837;F65+;2013;1268
1837;F65+;2014;1284
1837;F65+;2015;1278
1838;F0-19;2013;433
1838;F0-19;2014;435
1838;F0-19;2015;438
1838;F20-64;2013;1095
1838;F20-64;2014;1096
1838;F20-64;2015;1084
1838;F65+;2013;478
1838;F65+;2014;492
1838;F65+;2015;492
1839;F0-19;2013;202
1839;F0-19;2014;212
1839;F0-19;2015;196
1839;F20-64;2013;586
1839;F20-64;2014;577
1839;F20-64;2015;570
1839;F65+;2013;287
1839;F65+;2014;299
1839;F65+;2015;292
1840;F0-19;2013;1034
1840;F0-19;2014;1020
1840;F0-19;2015;1025
1840;F20-64;2013;2759
1840;F20-64;2014;2708
1840;F20-64;2015;2701
1840;F65+;2013;952
1840;F65+;2014;962
1840;F65+;2015;1008
1841;F0-19;2013;2248
1841;F0-19;2014;2224
1841;F0-19;2015;2195
1841;F20-64;2013;5420
1841;F20-64;2014;5428
1841;F20-64;2015;5447
1841;F65+;2013;1845
1841;F65+;2014;1904
1841;F65+;2015;1980
1845;F0-19;2013;441
1845;F0-19;2014;434
1845;F0-19;2015;427
1845;F20-64;2013;1078
1845;F20-64;2014;1071
1845;F20-64;2015;1045
1845;F65+;2013;462
1845;F65+;2014;482
1845;F65+;2015;481
1848;F0-19;2013;562
1848;F0-19;2014;558
1848;F0-19;2015;514
1848;F20-64;2013;1404
1848;F20-64;2014;1415
1848;F20-64;2015;1376
1848;F65+;2013;586
1848;F65+;2014;606
1848;F65+;2015;617
1849;F0-19;2013;389
1849;F0-19;2014;392
1849;F0-19;2015;379
1849;F20-64;2013;993
1849;F20-64;2014;1008
1849;F20-64;2015;996
1849;F65+;2013;409
1849;F65+;2014;420
1849;F65+;2015;436
1850;F0-19;2013;400
1850;F0-19;2014;414
1850;F0-19;2015;418
1850;F20-64;2013;1125
1850;F20-64;2014;1131
1850;F20-64;2015;1114
1850;F65+;2013;453
1850;F65+;2014;455
1850;F65+;2015;464
1851;F0-19;2013;481
1851;F0-19;2014;471
1851;F0-19;2015;437
1851;F20-64;2013;1200
1851;F20-64;2014;1232
1851;F20-64;2015;1178
1851;F65+;2013;539
1851;F65+;2014;545
1851;F65+;2015;545
1852;F0-19;2013;257
1852;F0-19;2014;250
1852;F0-19;2015;257
1852;F20-64;2013;689
1852;F20-64;2014;663
1852;F20-64;2015;667
1852;F65+;2013;332
1852;F65+;2014;343
1852;F65+;2015;356
1853;F0-19;2013;311
1853;F0-19;2014;313
1853;F0-19;2015;299
1853;F20-64;2013;733
1853;F20-64;2014;726
1853;F20-64;2015;727
1853;F65+;2013;332
1853;F65+;2014;352
1853;F65+;2015;359
1854;F0-19;2013;602
1854;F0-19;2014;586
1854;F0-19;2015;570
1854;F20-64;2013;1425
1854;F20-64;2014;1420
1854;F20-64;2015;1415
1854;F65+;2013;572
1854;F65+;2014;585
1854;F65+;2015;596
1856;F0-19;2013;132
1856;F0-19;2014;125
1856;F0-19;2015;113
1856;F20-64;2013;328
1856;F20-64;2014;334
1856;F20-64;2015;321
1856;F65+;2013;105
1856;F65+;2014;107
1856;F65+;2015;111
1857;F0-19;2013;177
1857;F0-19;2014;186
1857;F0-19;2015;185
1857;F20-64;2013;434
1857;F20-64;2014;436
1857;F20-64;2015;436
1857;F65+;2013;143
1857;F65+;2014;155
1857;F65+;2015;159
1859;F0-19;2013;338
1859;F0-19;2014;329
1859;F0-19;2015;313
1859;F20-64;2013;722
1859;F20-64;2014;728
1859;F20-64;2015;724
1859;F65+;2013;316
1859;F65+;2014;311
1859;F65+;2015;321
1860;F0-19;2013;2853
1860;F0-19;2014;2856
1860;F0-19;2015;2877
1860;F20-64;2013;6057
1860;F20-64;2014;6136
1860;F20-64;2015;6218
1860;F65+;2013;1960
1860;F65+;2014;2005
1860;F65+;2015;2045
1865;F0-19;2013;2203
1865;F0-19;2014;2184
1865;F0-19;2015;2158
1865;F20-64;2013;5388
1865;F20-64;2014;5366
1865;F20-64;2015;5399
1865;F65+;2013;1616
1865;F65+;2014;1673
1865;F65+;2015;1728
1866;F0-19;2013;1949
1866;F0-19;2014;1920
1866;F0-19;2015;1876
1866;F20-64;2013;4491
1866;F20-64;2014;4532
1866;F20-64;2015;4484
1866;F65+;2013;1610
1866;F65+;2014;1660
1866;F65+;2015;1697
1867;F0-19;2013;527
1867;F0-19;2014;528
1867;F0-19;2015;508
1867;F20-64;2013;1372
1867;F20-64;2014;1366
1867;F20-64;2015;1385
1867;F65+;2013;755
1867;F65+;2014;748
1867;F65+;2015;749
1868;F0-19;2013;1123
1868;F0-19;2014;1121
1868;F0-19;2015;1093
1868;F20-64;2013;2527
1868;F20-64;2014;2602
1868;F20-64;2015;2610
1868;F65+;2013;822
1868;F65+;2014;839
1868;F65+;2015;860
1870;F0-19;2013;2676
1870;F0-19;2014;2669
1870;F0-19;2015;2644
1870;F20-64;2013;5839
1870;F20-64;2014;5847
1870;F20-64;2015;5864
1870;F65+;2013;1567
1870;F65+;2014;1613
1870;F65+;2015;1658
1871;F0-19;2013;1201
1871;F0-19;2014;1182
1871;F0-19;2015;1139
1871;F20-64;2013;2712
1871;F20-64;2014;2694
1871;F20-64;2015;2694
1871;F65+;2013;1111
1871;F65+;2014;1117
1871;F65+;2015;1158
1874;F0-19;2013;226
1874;F0-19;2014;226
1874;F0-19;2015;207
1874;F20-64;2013;614
1874;F20-64;2014;606
1874;F20-64;2015;588
1874;F65+;2013;278
1874;F65+;2014;276
1874;F65+;2015;275
1902;F0-19;2013;17729
1902;F0-19;2014;17691
1902;F0-19;2015;17660
1902;F20-64;2013;44487
1902;F20-64;2014;45398
1902;F20-64;2015;46175
1902;F65+;2013;8142
1902;F65+;2014;8501
1902;F65+;2015;8846
1903;F0-19;2013;5884
1903;F0-19;2014;5888
1903;F0-19;2015;5829
1903;F20-64;2013;14312
1903;F20-64;2014;14294
1903;F20-64;2015;14447
1903;F65+;2013;4095
1903;F65+;2014;4259
1903;F65+;2015;4400
1911;F0-19;2013;777
1911;F0-19;2014;767
1911;F0-19;2015;738
1911;F20-64;2013;1718
1911;F20-64;2014;1736
1911;F20-64;2015;1710
1911;F65+;2013;587
1911;F65+;2014;604
1911;F65+;2015;628
1913;F0-19;2013;618
1913;F0-19;2014;632
1913;F0-19;2015;631
1913;F20-64;2013;1696
1913;F20-64;2014;1668
1913;F20-64;2015;1674
1913;F65+;2013;626
1913;F65+;2014;651
1913;F65+;2015;683
1917;F0-19;2013;269
1917;F0-19;2014;276
1917;F0-19;2015;273
1917;F20-64;2013;736
1917;F20-64;2014;738
1917;F20-64;2015;725
1917;F65+;2013;416
1917;F65+;2014;422
1917;F65+;2015;412
1919;F0-19;2013;235
1919;F0-19;2014;234
1919;F0-19;2015;235
1919;F20-64;2013;595
1919;F20-64;2014;610
1919;F20-64;2015;614
1919;F65+;2013;289
1919;F65+;2014;291
1919;F65+;2015;288
1920;F0-19;2013;260
1920;F0-19;2014;254
1920;F0-19;2015;249
1920;F20-64;2013;517
1920;F20-64;2014;520
1920;F20-64;2015;517
1920;F65+;2013;235
1920;F65+;2014;240
1920;F65+;2015;242
1922;F0-19;2013;966
1922;F0-19;2014;970
1922;F0-19;2015;947
1922;F20-64;2013;2261
1922;F20-64;2014;2300
1922;F20-64;2015;2394
1922;F65+;2013;706
1922;F65+;2014;715
1922;F65+;2015;737
1923;F0-19;2013;597
1923;F0-19;2014;567
1923;F0-19;2015;555
1923;F20-64;2013;1192
1923;F20-64;2014;1210
1923;F20-64;2015;1203
1923;F65+;2013;431
1923;F65+;2014;446
1923;F65+;2015;461
1924;F0-19;2013;1610
1924;F0-19;2014;1578
1924;F0-19;2015;1556
1924;F20-64;2013;3863
1924;F20-64;2014;3880
1924;F20-64;2015;3925
1924;F65+;2013;1157
1924;F65+;2014;1176
1924;F65+;2015;1212
1925;F0-19;2013;888
1925;F0-19;2014;891
1925;F0-19;2015;880
1925;F20-64;2013;1924
1925;F20-64;2014;1943
1925;F20-64;2015;1941
1925;F65+;2013;595
1925;F65+;2014;616
1925;F65+;2015;630
1926;F0-19;2013;262
1926;F0-19;2014;253
1926;F0-19;2015;233
1926;F20-64;2013;634
1926;F20-64;2014;625
1926;F20-64;2015;636
1926;F65+;2013;294
1926;F65+;2014;293
1926;F65+;2015;285
1927;F0-19;2013;322
1927;F0-19;2014;340
1927;F0-19;2015;359
1927;F20-64;2013;800
1927;F20-64;2014;773
1927;F20-64;2015;775
1927;F65+;2013;392
1927;F65+;2014;397
1927;F65+;2015;410
1928;F0-19;2013;175
1928;F0-19;2014;169
1928;F0-19;2015;168
1928;F20-64;2013;471
1928;F20-64;2014;467
1928;F20-64;2015;478
1928;F65+;2013;234
1928;F65+;2014;242
1928;F65+;2015;238
1929;F0-19;2013;180
1929;F0-19;2014;176
1929;F0-19;2015;175
1929;F20-64;2013;528
1929;F20-64;2014;535
1929;F20-64;2015;530
1929;F65+;2013;216
1929;F65+;2014;207
1929;F65+;2015;200
1931;F0-19;2013;3104
1931;F0-19;2014;3124
1931;F0-19;2015;3083
1931;F20-64;2013;6418
1931;F20-64;2014;6480
1931;F20-64;2015;6452
1931;F65+;2013;1933
1931;F65+;2014;1953
1931;F65+;2015;2000
1933;F0-19;2013;1299
1933;F0-19;2014;1269
1933;F0-19;2015;1269
1933;F20-64;2013;2997
1933;F20-64;2014;3048
1933;F20-64;2015;3132
1933;F65+;2013;1266
1933;F65+;2014;1276
1933;F65+;2015;1319
1936;F0-19;2013;467
1936;F0-19;2014;459
1936;F0-19;2015;432
1936;F20-64;2013;1301
1936;F20-64;2014;1315
1936;F20-64;2015;1298
1936;F65+;2013;549
1936;F65+;2014;560
1936;F65+;2015;559
1938;F0-19;2013;693
1938;F0-19;2014;675
1938;F0-19;2015;631
1938;F20-64;2013;1636
1938;F20-64;2014;1600
1938;F20-64;2015;1562
1938;F65+;2013;684
1938;F65+;2014;717
1938;F65+;2015;729
1939;F0-19;2013;474
1939;F0-19;2014;465
1939;F0-19;2015;434
1939;F20-64;2013;1125
1939;F20-64;2014;1114
1939;F20-64;2015;1081
1939;F65+;2013;343
1939;F65+;2014;362
1939;F65+;2015;383
1940;F0-19;2013;465
1940;F0-19;2014;467
1940;F0-19;2015;434
1940;F20-64;2013;1236
1940;F20-64;2014;1229
1940;F20-64;2015;1215
1940;F65+;2013;507
1940;F65+;2014;525
1940;F65+;2015;533
1941;F0-19;2013;729
1941;F0-19;2014;707
1941;F0-19;2015;668
1941;F20-64;2013;1595
1941;F20-64;2014;1577
1941;F20-64;2015;1609
1941;F65+;2013;581
1941;F65+;2014;597
1941;F65+;2015;618
1942;F0-19;2013;1219
1942;F0-19;2014;1215
1942;F0-19;2015;1190
1942;F20-64;2013;2717
1942;F20-64;2014;2716
1942;F20-64;2015;2745
1942;F65+;2013;914
1942;F65+;2014;923
1942;F65+;2015;947
1943;F0-19;2013;260
1943;F0-19;2014;259
1943;F0-19;2015;253
1943;F20-64;2013;673
1943;F20-64;2014;660
1943;F20-64;2015;656
1943;F65+;2013;312
1943;F65+;2014;315
1943;F65+;2015;317
2002;F0-19;2013;408
2002;F0-19;2014;390
2002;F0-19;2015;388
2002;F20-64;2013;1276
2002;F20-64;2014;1266
2002;F20-64;2015;1275
2002;F65+;2013;444
2002;F65+;2014;463
2002;F65+;2015;465
2003;F0-19;2013;1628
2003;F0-19;2014;1600
2003;F0-19;2015;1603
2003;F20-64;2013;3583
2003;F20-64;2014;3638
2003;F20-64;2015;3624
2003;F65+;2013;952
2003;F65+;2014;985
2003;F65+;2015;1012
2004;F0-19;2013;2470
2004;F0-19;2014;2501
2004;F0-19;2015;2558
2004;F20-64;2013;6215
2004;F20-64;2014;6354
2004;F20-64;2015;6384
2004;F65+;2013;1387
2004;F65+;2014;1432
2004;F65+;2015;1475
2011;F0-19;2013;727
2011;F0-19;2014;734
2011;F0-19;2015;722
2011;F20-64;2013;1790
2011;F20-64;2014;1764
2011;F20-64;2015;1752
2011;F65+;2013;406
2011;F65+;2014;433
2011;F65+;2015;440
2012;F0-19;2013;5705
2012;F0-19;2014;5690
2012;F0-19;2015;5601
2012;F20-64;2013;11602
2012;F20-64;2014;11651
2012;F20-64;2015;11745
2012;F65+;2013;2339
2012;F65+;2014;2481
2012;F65+;2015;2552
2014;F0-19;2013;219
2014;F0-19;2014;189
2014;F0-19;2015;179
2014;F20-64;2013;583
2014;F20-64;2014;562
2014;F20-64;2015;532
2014;F65+;2013;268
2014;F65+;2014;276
2014;F65+;2015;278
2015;F0-19;2013;212
2015;F0-19;2014;222
2015;F0-19;2015;215
2015;F20-64;2013;608
2015;F20-64;2014;606
2015;F20-64;2015;612
2015;F65+;2013;203
2015;F65+;2014;209
2015;F65+;2015;214
2017;F0-19;2013;205
2017;F0-19;2014;211
2017;F0-19;2015;207
2017;F20-64;2013;561
2017;F20-64;2014;560
2017;F20-64;2015;559
2017;F65+;2013;270
2017;F65+;2014;280
2017;F65+;2015;283
2018;F0-19;2013;236
2018;F0-19;2014;240
2018;F0-19;2015;227
2018;F20-64;2013;701
2018;F20-64;2014;705
2018;F20-64;2015;703
2018;F65+;2013;303
2018;F65+;2014;296
2018;F65+;2015;311
2019;F0-19;2013;745
2019;F0-19;2014;720
2019;F0-19;2015;720
2019;F20-64;2013;1895
2019;F20-64;2014;1906
2019;F20-64;2015;1932
2019;F65+;2013;565
2019;F65+;2014;587
2019;F65+;2015;626
2020;F0-19;2013;893
2020;F0-19;2014;883
2020;F0-19;2015;852
2020;F20-64;2013;2376
2020;F20-64;2014;2358
2020;F20-64;2015;2320
2020;F65+;2013;699
2020;F65+;2014;722
2020;F65+;2015;753
2021;F0-19;2013;700
2021;F0-19;2014;659
2021;F0-19;2015;644
2021;F20-64;2013;1606
2021;F20-64;2014;1609
2021;F20-64;2015;1623
2021;F65+;2013;415
2021;F65+;2014;430
2021;F65+;2015;441
2022;F0-19;2013;308
2022;F0-19;2014;311
2022;F0-19;2015;299
2022;F20-64;2013;770
2022;F20-64;2014;776
2022;F20-64;2015;781
2022;F65+;2013;261
2022;F65+;2014;254
2022;F65+;2015;263
2023;F0-19;2013;204
2023;F0-19;2014;213
2023;F0-19;2015;197
2023;F20-64;2013;656
2023;F20-64;2014;669
2023;F20-64;2015;694
2023;F65+;2013;203
2023;F65+;2014;216
2023;F65+;2015;225
2024;F0-19;2013;217
2024;F0-19;2014;218
2024;F0-19;2015;184
2024;F20-64;2013;577
2024;F20-64;2014;612
2024;F20-64;2015;612
2024;F65+;2013;231
2024;F65+;2014;227
2024;F65+;2015;224
2025;F0-19;2013;655
2025;F0-19;2014;611
2025;F0-19;2015;607
2025;F20-64;2013;1682
2025;F20-64;2014;1701
2025;F20-64;2015;1712
2025;F65+;2013;563
2025;F65+;2014;571
2025;F65+;2015;590
2027;F0-19;2013;177
2027;F0-19;2014;184
2027;F0-19;2015;184
2027;F20-64;2013;497
2027;F20-64;2014;519
2027;F20-64;2015;518
2027;F65+;2013;208
2027;F65+;2014;216
2027;F65+;2015;232
2028;F0-19;2013;504
2028;F0-19;2014;503
2028;F0-19;2015;495
2028;F20-64;2013;1324
2028;F20-64;2014;1366
2028;F20-64;2015;1388
2028;F65+;2013;334
2028;F65+;2014;338
2028;F65+;2015;352
2030;F0-19;2013;2413
2030;F0-19;2014;2363
2030;F0-19;2015;2382
2030;F20-64;2013;6004
2030;F20-64;2014;6136
2030;F20-64;2015;6207
2030;F65+;2013;1551
2030;F65+;2014;1591
2030;F65+;2015;1632
