"tid","region","kjonn","bruttoinnt","allm_innt","folkemengde","ald_pensjonist_over_62","ant_trangbodde","ant_selveiere"
"2015","0","1",530100,404600,2076912,395370,271712,1830278
"2016","0","1",522900,404300,2107857,408246,273420,1846632
"2017","0","1",533900,412900,2136547,420070,276036,1854828
"2015","0","2",354000,252300,2095892,429971,253427,1776385
"2016","0","2",359000,258000,2121992,440740,255581,1792024
"2017","0","2",369600,264600,2146637,449893,259362,1800508
"2015","01","1",470400,348000,120969,24210,12763,102575
"2016","01","1",468900,351900,122683,24925,13085,103372
"2017","01","1",482400,362800,124427,25694,13379,104217
"2015","01","2",323900,224100,123901,26781,12007,99331
"2016","01","2",330500,230800,125285,27447,12311,99997
"2017","01","2",341000,237600,126553,28157,12701,100816
"2015","0101","1",449100,330800,13009,2671,1190,11152
"2016","0101","1",449600,336500,13168,2733,1334,11214
"2017","0101","1",460800,342300,13310,2800,1387,11211
"2015","0101","2",313000,217500,13218,2936,1168,10603
"2016","0101","2",317600,221000,13323,3007,1217,10679
"2017","0101","2",334100,233800,13385,3079,1231,10658
"2015","0104","1",477200,354000,15452,2747,1750,9092
"2016","0104","1",468500,352500,15680,2778,1780,9150
"2017","0104","1",481800,361900,15769,2860,1806,9208
"2015","0104","2",335500,232400,15787,3119,1659,8980
"2016","0104","2",341400,239300,15954,3198,1693,9080
"2017","0104","2",353300,247200,16086,3306,1733,9116
"2015","0105","1",450000,332400,24308,4401,2773,18468
"2016","0105","1",452300,338200,24581,4530,2747,18654
"2017","0105","1",463900,347200,24817,4651,2830,18653
"2015","0105","2",314300,216000,24790,5044,2578,17772
"2016","0105","2",320800,222600,25003,5151,2571,17820
"2017","0105","2",329000,226800,25189,5227,2738,17875
"2015","0106","1",469900,350300,35612,6372,3788,28470
"2016","0106","1",471200,356800,35956,6549,3943,28656
"2017","0106","1",481400,365100,36773,6781,3967,29206
"2015","0106","2",325800,226700,36674,7214,3565,28239
"2016","0106","2",332900,233900,36981,7373,3773,28357
"2017","0106","2",340500,238500,37582,7522,3881,28819
"2015","0124","1",468300,344400,6928,1249,769,5685
"2016","0124","1",465000,347800,6964,1295,797,5698
"2017","0124","1",491900,375500,7030,1342,844,5717
"2015","0124","2",317900,216900,7075,1377,743,5518
"2016","0124","2",325200,225300,7173,1409,772,5562
"2017","0124","2",336300,231700,7229,1476,813,5594
"2015","0125","1",450600,330000,3787,953,519,3898
"2016","0125","1",447500,329100,3904,985,498,3840
"2017","0125","1",466200,345600,3963,1023,499,3866
"2015","0125","2",313100,215100,3921,1058,471,3661
"2016","0125","2",320700,222800,3984,1091,488,3668
"2017","0125","2",335100,235300,4017,1140,475,3663
"2015","0136","1",518500,388300,6820,1309,491,5259
"2016","0136","1",510200,389900,6961,1348,501,5325
"2017","0136","1",537800,416500,7102,1399,492,5461
"2015","0136","2",342000,237100,6938,1404,500,5070
"2016","0136","2",353300,250700,7013,1460,481,5149
"2017","0136","2",362200,255800,7156,1526,467,5312
"2015","02","1",614600,486100,260933,41723,27857,221022
"2016","02","1",603500,485600,266052,43158,28529,224362
"2017","02","1",621900,502200,271389,44519,28856,227091
"2015","02","2",398300,292000,265290,46238,25775,221730
"2016","02","2",401400,297800,269909,47618,26480,225243
"2017","02","2",414600,306800,274664,48786,27021,228330
"2015","0211","1",570700,433200,6732,1278,470,6862
"2016","0211","1",559900,433800,6875,1329,501,7045
"2017","0211","1",571300,443700,7114,1362,542,7164
"2015","0211","2",372800,261200,6880,1262,508,6824
"2016","0211","2",381300,272300,7066,1323,517,7055
"2017","0211","2",394700,281600,7225,1382,546,7200
"2015","0213","1",563100,439000,13097,2181,1309,12310
"2016","0213","1",561700,446300,13387,2232,1278,12405
"2017","0213","1",568400,448600,13662,2279,1381,12551
"2015","0213","2",384500,278900,13434,2347,1223,12429
"2016","0213","2",388500,284400,13672,2401,1203,12545
"2017","0213","2",398200,289800,13837,2430,1265,12627
"2015","0214","1",495700,375000,7892,1202,1416,6803
"2016","0214","1",501500,386800,8073,1247,1480,6883
"2017","0214","1",520000,398400,8174,1274,1495,6920
"2015","0214","2",358000,256700,7682,1315,1263,6888
"2016","0214","2",366200,265900,7929,1357,1390,6973
"2017","0214","2",386200,278400,8067,1397,1421,6991
"2015","0215","1",642400,510200,6506,1389,547,5940
"2016","0215","1",625100,507000,6524,1427,539,5944
"2017","0215","1",645600,525800,6518,1464,430,5752
"2015","0215","2",388800,280600,6899,1478,520,6026
"2016","0215","2",401200,295800,6907,1525,499,6006
"2017","0215","2",408200,298200,6891,1544,425,5868
"2015","0216","1",550500,426700,7929,1240,709,6786
"2016","0216","1",555300,438200,8009,1294,722,6854
"2017","0216","1",571700,454800,8147,1372,702,6969
"2015","0216","2",389700,281000,8334,1362,718,6927
"2016","0216","2",399400,292200,8438,1407,725,6989
"2017","0216","2",408500,297800,8567,1447,726,7157
"2015","0217","1",643800,520500,12857,2077,1103,10624
"2016","0217","1",643500,528400,13012,2157,1165,10697
"2017","0217","1",646200,529000,13087,2228,1110,10848
"2015","0217","2",418300,313100,13241,2350,993,10963
"2016","0217","2",427400,324000,13303,2409,1069,11037
"2017","0217","2",437300,329000,13427,2472,1026,11152
"2015","0219","1",797000,668700,58631,8388,6446,46551
"2016","0219","1",756800,646300,59532,8661,6399,47369
"2017","0219","1",792500,686500,60399,8888,6245,47376
"2015","0219","2",468700,362100,60440,10251,5849,48146
"2016","0219","2",462400,360400,61063,10452,5910,48795
"2017","0219","2",482700,378100,61909,10634,5829,48983
"2015","0220","1",751600,613000,28821,4226,2402,24019
"2016","0220","1",722000,601900,29133,4356,2444,24165
"2017","0220","1",746600,623400,29584,4457,2504,24398
"2015","0220","2",433600,327300,29468,4629,2339,24773
"2016","0220","2",434900,333500,29750,4761,2315,24961
"2017","0220","2",449000,344500,30050,4858,2358,25217
"2015","0221","1",460400,331100,4468,1378,449,6785
"2016","0221","1",467700,342400,4567,1429,493,6910
"2017","0221","1",486100,355500,4685,1465,484,6984
"2015","0221","2",323400,221900,4629,1466,433,6516
"2016","0221","2",331700,230800,4628,1493,448,6648
"2017","0221","2",340900,235100,4797,1523,469,6744
"2015","0226","1",537900,403600,6913,1073,655,7190
"2016","0226","1",536200,409700,7076,1101,636,7323
"2017","0226","1",543500,412800,7244,1150,661,7390
"2015","0226","2",366200,259200,6867,1165,602,7026
"2016","0226","2",377200,271200,7034,1190,585,7157
"2017","0226","2",388100,276600,7182,1240,611,7251
"2015","0227","1",545400,419100,4391,839,392,4765
"2016","0227","1",535500,416100,4484,871,430,4816
"2017","0227","1",563800,442100,4543,897,474,4869
"2015","0227","2",373800,266900,4312,829,326,4493
"2016","0227","2",375400,271700,4394,861,345,4527
"2017","0227","2",389200,281000,4458,873,398,4613
"2015","0228","1",545100,416400,8271,1125,889,5500
"2016","0228","1",539600,420000,8398,1165,902,5609
"2017","0228","1",553800,430400,8566,1202,926,5718
"2015","0228","2",374400,266900,8249,1166,832,5371
"2016","0228","2",383000,277600,8357,1216,849,5454
"2017","0228","2",394100,284300,8499,1241,895,5579
"2015","0229","1",514400,384800,4243,734,375,4576
"2016","0229","1",509200,386000,4258,775,410,4581
"2017","0229","1",516300,387700,4301,794,413,4579
"2015","0229","2",357800,250800,4166,737,371,4420
"2016","0229","2",358300,253200,4247,765,378,4474
"2017","0229","2",370600,261200,4225,779,375,4456
"2015","0230","1",560200,438000,17338,2600,2370,10166
"2016","0230","1",547200,433300,18036,2688,2485,10449
"2017","0230","1",564000,444800,18598,2823,2565,10819
"2015","0230","2",384100,280600,17238,2803,2099,9832
"2016","0230","2",387500,286000,17888,2916,2265,10253
"2017","0230","2",397300,290300,18328,3039,2369,10607
"2015","0231","1",540400,416000,25001,3582,3613,14657
"2016","0231","1",545900,429100,25619,3669,3782,14991
"2017","0231","1",552200,430800,25966,3772,3915,15228
"2015","0231","2",372000,267700,25324,4207,3359,14676
"2016","0231","2",375300,272400,25800,4321,3511,14980
"2017","0231","2",388600,281400,26156,4399,3633,15270
"2015","0233","1",568000,444400,10510,1522,1008,8086
"2016","0233","1",582200,467100,10569,1562,907,8180
"2017","0233","1",591800,473600,10760,1605,912,8395
"2015","0233","2",394300,287500,10522,1589,913,7941
"2016","0233","2",4e+05,295800,10631,1637,851,8067
"2017","0233","2",412900,304300,10845,1696,860,8306
"2015","0235","1",523000,391700,14928,2133,1562,12513
"2016","0235","1",521200,395900,15363,2209,1680,12723
"2017","0235","1",539100,411100,15848,2312,1737,13082
"2015","0235","2",362400,253200,14928,2284,1454,12459
"2016","0235","2",370400,263200,15402,2379,1558,12652
"2017","0235","2",385500,273800,15827,2499,1683,13007
"2015","0236","1",480800,349800,6540,1576,615,8587
"2016","0236","1",492000,366400,6663,1652,684,8682
"2017","0236","1",502600,374600,6960,1725,674,8850
"2015","0236","2",340000,233600,6701,1637,584,8335
"2016","0236","2",349600,244200,6886,1707,620,8522
"2017","0236","2",356000,246800,7178,1730,630,8635
"2015","0237","1",479500,349100,8920,1679,771,9634
"2016","0237","1",485300,359200,9300,1768,813,9867
"2017","0237","1",495700,365400,9714,1826,846,10040
"2015","0237","2",338000,229800,9040,1820,728,9386
"2016","0237","2",346000,239800,9357,1888,744,9635
"2017","0237","2",351800,241100,9733,1946,790,9828
"2015","0238","1",493000,363200,4239,801,470,4893
"2016","0238","1",504600,378300,4434,837,520,5031
"2017","0238","1",514100,385300,4617,875,534,5185
"2015","0238","2",351000,244400,4229,813,413,4726
"2016","0238","2",353900,247200,4405,842,448,4876
"2017","0238","2",358600,247200,4576,865,432,5044
"2015","03","1",602000,482600,318418,33963,67280,132656
"2016","03","1",589500,479600,325025,34849,68021,134989
"2017","03","1",601000,491500,329354,35541,68837,136365
"2015","03","2",407900,303600,322468,41723,64638,134070
"2016","03","2",410200,308600,328201,42398,65499,136081
"2017","03","2",421100,316300,332378,42855,66464,137410
"2015","0301","1",602000,482600,318418,33963,67280,132656
"2016","0301","1",589500,479600,325025,34849,68021,134989
"2017","0301","1",601000,491500,329354,35541,68837,136365
"2015","0301","2",407900,303600,322468,41723,64638,134070
"2016","0301","2",410200,308600,328201,42398,65499,136081
"2017","0301","2",421100,316300,332378,42855,66464,137410
"2015","04","1",439200,319000,53282,19067,6479,74614
"2016","04","1",446700,328300,54119,19521,6535,74665
"2017","04","1",459200,337900,54586,19985,6536,74652
"2015","04","2",325100,225200,57007,20676,5965,71954
"2016","04","2",332700,232600,57784,21023,5986,71999
"2017","04","2",342200,238000,58177,21421,6015,72122
"2015","0402","1",444300,325200,6138,1741,636,5511
"2016","0402","1",461200,347500,6147,1784,673,5499
"2017","0402","1",460000,341800,6167,1856,664,5498
"2015","0402","2",321300,220700,6651,2004,586,5421
"2016","0402","2",328500,228300,6617,2041,611,5414
"2017","0402","2",335300,231300,6647,2107,637,5391
"2015","0403","1",492600,372400,12758,2756,1205,9752
"2016","0403","1",496400,379600,12878,2857,1199,9719
"2017","0403","1",507500,389400,13160,2936,1234,9822
"2015","0403","2",353700,250600,13544,3356,1044,9587
"2016","0403","2",358700,256500,13734,3422,1075,9617
"2017","0403","2",370700,265300,13928,3494,1067,9720
"2015","0412","1",451200,328900,8231,3027,983,13885
"2016","0412","1",456100,336100,8584,3092,989,13840
"2017","0412","1",474300,351800,8577,3172,997,13861
"2015","0412","2",320500,220700,8616,3221,874,13291
"2016","0412","2",330200,229800,8963,3273,892,13275
"2017","0412","2",338900,234900,8927,3362,905,13333
"2015","0417","1",447300,326000,5982,1809,580,7948
"2016","0417","1",458900,337000,6108,1872,626,8067
"2017","0417","1",464700,341800,6072,1910,604,8086
"2015","0417","2",328500,227200,6296,1923,580,7776
"2016","0417","2",338300,235800,6390,1967,588,7825
"2017","0417","2",349000,242400,6380,2002,587,7932
"2015","0427","1",450100,326800,6995,1801,817,7800
"2016","0427","1",451500,332200,7089,1843,779,7889
"2017","0427","1",467400,342400,7138,1876,756,7870
"2015","0427","2",335400,232700,7601,2067,764,7688
"2016","0427","2",342300,240300,7705,2113,740,7775
"2017","0427","2",350400,243300,7739,2137,757,7745
"2015","05","1",448400,326300,53173,17824,6761,74195
"2016","05","1",453300,336300,53596,18295,6893,74068
"2017","05","1",468000,347500,54170,18735,6798,73903
"2015","05","2",326400,227800,55881,19331,6323,71484
"2016","05","2",333900,235400,56188,19785,6391,71363
"2017","05","2",344000,241200,56598,20133,6384,71059
"2015","0501","1",491300,369200,11263,2373,1337,9458
"2016","0501","1",487000,373700,11375,2452,1500,9522
"2017","0501","1",502900,387500,11552,2518,1413,9655
"2015","0501","2",351800,251300,12073,2744,1441,9602
"2016","0501","2",355100,255300,12208,2809,1592,9641
"2017","0501","2",365600,261400,12419,2869,1562,9686
"2015","0502","1",458700,337100,11231,2578,1404,10694
"2016","0502","1",460600,345500,11339,2622,1439,10676
"2017","0502","1",471000,354800,11494,2684,1485,10705
"2015","0502","2",333500,233500,11663,2917,1177,10323
"2016","0502","2",343200,243900,11628,3010,1203,10300
"2017","0502","2",349700,246300,11734,3068,1241,10284
"2015","0528","1",443800,316700,3035,1463,330,6219
"2016","0528","1",455600,332100,3045,1484,325,6240
"2017","0528","1",477900,351800,3055,1527,331,6252
"2015","0528","2",322400,222300,3264,1562,326,5933
"2016","0528","2",328300,228000,3278,1578,307,5986
"2017","0528","2",342000,237700,3264,1597,305,6061
"2015","0529","1",438000,317100,4712,1276,289,5420
"2016","0529","1",446100,327700,4704,1299,282,5468
"2017","0529","1",461600,339500,4752,1329,267,5435
"2015","0529","2",323300,224500,4814,1351,325,5208
"2016","0529","2",330900,231700,4832,1376,295,5286
"2017","0529","2",342900,239000,4832,1400,293,5236
"2015","0534","1",476800,349400,2983,1238,390,5421
"2016","0534","1",484800,364300,2996,1280,385,5387
"2017","0534","1",489600,364500,3033,1323,400,5367
"2015","0534","2",330100,230600,3196,1421,360,5298
"2016","0534","2",342100,242000,3256,1445,360,5302
"2017","0534","2",348000,243300,3277,1490,386,5219
"2015","06","1",520100,396000,110569,22772,12376,99830
"2016","06","1",517200,4e+05,111968,23483,12704,100490
"2017","06","1",525700,406100,113017,24105,12647,101126
"2015","06","2",346100,245300,111980,24545,11417,96962
"2016","06","2",352000,252100,113305,25253,11711,97598
"2017","06","2",361500,257400,114172,25738,11890,98021
"2015","0602","1",528200,406400,32397,5067,4545,19157
"2016","0602","1",519500,405800,32828,5173,4707,19379
"2017","0602","1",525600,409600,33040,5293,4777,19529
"2015","0602","2",346500,246500,33263,6120,4339,19084
"2016","0602","2",348600,250300,33638,6229,4463,19250
"2017","0602","2",361100,258400,33837,6280,4642,19348
"2015","0604","1",573100,448800,11510,2310,1004,10124
"2016","0604","1",551000,431400,11484,2417,934,10230
"2017","0604","1",561500,440800,11567,2488,890,10356
"2015","0604","2",359100,259200,11289,2383,914,9623
"2016","0604","2",363300,263100,11311,2491,882,9811
"2017","0604","2",371500,266800,11406,2546,892,9892
"2015","0605","1",469100,349400,10018,2740,1011,10801
"2016","0605","1",478000,363600,10107,2833,1089,10802
"2017","0605","1",482800,365500,10201,2898,1120,10830
"2015","0605","2",329700,229900,10458,2906,937,10497
"2016","0605","2",336400,235800,10563,2974,1003,10470
"2017","0605","2",346900,243000,10656,3047,1021,10471
"2015","0623","1",463700,342400,4746,1227,424,5606
"2016","0623","1",463200,346000,4814,1273,430,5617
"2017","0623","1",487800,370900,4837,1321,412,5631
"2015","0623","2",329800,231700,4882,1343,408,5389
"2016","0623","2",329400,231200,4915,1383,408,5374
"2017","0623","2",338700,237000,4939,1399,386,5413
"2015","0624","1",501700,379100,7087,1476,591,7615
"2016","0624","1",500600,382200,7134,1546,607,7640
"2017","0624","1",509200,388600,7348,1584,607,7741
"2015","0624","2",336400,236600,6965,1487,553,7277
"2016","0624","2",353800,256600,7034,1547,582,7305
"2017","0624","2",348700,244800,7207,1601,568,7360
"2015","0625","1",488100,367300,11710,1747,1232,8829
"2016","0625","1",488600,372100,11868,1806,1198,8867
"2017","0625","1",500200,379400,12071,1853,1209,9032
"2015","0625","2",326200,226000,11837,1875,1163,8754
"2016","0625","2",332500,232600,11970,1919,1164,8827
"2017","0625","2",341100,236800,12069,1951,1156,8906
"2015","0626","1",579600,454100,10614,1938,1332,9129
"2016","0626","1",573000,456200,10803,1981,1327,9240
"2017","0626","1",589900,472800,10779,2026,1294,9195
"2015","0626","2",383900,280200,10510,1999,1091,8728
"2016","0626","2",389400,287200,10661,2048,1078,8819
"2017","0626","2",393900,288600,10654,2099,1115,8799
"2015","0627","1",556600,424700,9277,1502,584,8669
"2016","0627","1",574800,452500,9504,1568,652,8867
"2017","0627","1",570100,445700,9715,1638,613,9037
"2015","0627","2",379900,271800,9229,1534,566,8589
"2016","0627","2",384100,278200,9435,1606,569,8745
"2017","0627","2",391300,281700,9623,1663,554,8899
"2015","07","1",511500,385700,101169,20855,8493,89289
"2016","07","1",506100,386900,102119,21578,8689,89685
"2017","07","1",513700,391500,103879,22202,9132,90050
"2015","07","2",332300,231100,104625,22574,8053,87123
"2016","07","2",339700,239200,105452,23204,8177,87516
"2017","07","2",349900,245600,107060,23755,8640,87823
"2015","0701","1",480400,359500,12572,2288,1386,9113
"2016","0701","1",475600,360500,12695,2342,1434,9190
"2017","0701","1",475900,356200,12692,2420,1415,9081
"2015","0701","2",322500,222700,12876,2586,1260,8970
"2016","0701","2",331100,231900,12956,2640,1291,9000
"2017","0701","2",334600,231100,12991,2700,1305,8956
"2015","0702","1",493200,367300,4491,969,327,3886
"2016","0702","1",500200,381200,4517,1012,355,3942
"2017","0702","1",523500,399300,4585,1034,356,3972
"2015","0702","2",334500,230200,4597,1010,293,3755
"2016","0702","2",344100,241100,4666,1038,311,3840
"2017","0702","2",355900,247500,4715,1102,326,3851
"2015","0704","1",530800,401600,19504,3345,1443,14543
"2016","0704","1",525300,404300,19633,3436,1480,14778
"2017","0704","1",534300,412200,20942,3713,1594,15893
"2015","0704","2",351700,248000,20151,3895,1331,14430
"2016","0704","2",355500,253300,20353,3967,1398,14547
"2017","0704","2",371100,265700,21704,4207,1521,15724
"2015","0706","1",526900,400700,20936,3974,1618,15727
"2016","0706","1",511500,391900,21251,4110,1658,15657
"2017","0706","1",0,0,0,0,0,0
"2015","0706","2",322500,223000,21726,4350,1579,15464
"2016","0706","2",329200,229200,21982,4442,1569,15459
"2017","0706","2",0,0,0,0,0,0
"2015","0709","1",485600,363400,17824,4051,1479,15991
"2016","0709","1",489000,373100,17998,4207,1532,15947
"2017","0709","1",504500,383600,18192,4313,1475,16067
"2015","0709","2",320900,221800,18475,4304,1452,15584
"2016","0709","2",326000,227500,18610,4413,1471,15567
"2017","0709","2",344100,241400,18708,4493,1426,15597
"2015","0710","1",0,0,0,0,0,0
"2016","0710","1",0,0,0,0,0,0
"2017","0710","1",502000,380200,26668,5477,2565,21888
"2015","0710","2",0,0,0,0,0,0
"2016","0710","2",0,0,0,0,0,0
"2017","0710","2",335300,232300,27381,5768,2449,21202
"2015","0712","1",0,0,0,0,0,0
"2016","0712","1",0,0,0,0,0,0
"2017","0712","1",0,0,0,0,0,0
"2015","0712","2",0,0,0,0,0,0
"2016","0712","2",0,0,0,0,0,0
"2017","0712","2",0,0,0,0,0,0
"2015","0715","1",0,0,0,0,0,0
"2016","0715","1",0,0,0,0,0,0
"2017","0715","1",0,0,0,0,0,0
"2015","0715","2",0,0,0,0,0,0
"2016","0715","2",0,0,0,0,0,0
"2017","0715","2",0,0,0,0,0,0
"2015","0720","1",498800,373200,4039,853,355,4568
"2016","0720","1",481300,362000,4123,916,369,4621
"2017","0720","1",0,0,0,0,0,0
"2015","0720","2",321900,221500,4099,865,348,4338
"2016","0720","2",330900,231500,4129,902,359,4410
"2017","0720","2",0,0,0,0,0,0
"2015","0722","1",578900,451500,9462,1932,639,8174
"2016","0722","1",559400,438400,9487,1991,647,8252
"2017","0722","1",578300,455700,9776,2031,630,8322
"2015","0722","2",354900,250600,10122,2093,614,8239
"2016","0722","2",365000,262600,10092,2167,620,8327
"2017","0722","2",378600,272000,10293,2212,592,8339
"2015","0729","1",0,0,0,0,0,0
"2016","0729","1",0,0,0,0,0,0
"2017","0729","1",0,0,0,0,0,0
"2015","0729","2",0,0,0,0,0,0
"2016","0729","2",0,0,0,0,0,0
"2017","0729","2",0,0,0,0,0,0
"2015","08","1",472400,353200,64910,15493,6408,63787
"2016","08","1",473300,358100,65401,15976,6350,63725
"2017","08","1",484300,365600,65971,16385,6395,63610
"2015","08","2",321400,223800,67137,16769,6144,61120
"2016","08","2",328800,230900,67422,17161,5973,61035
"2017","08","2",336900,234900,67873,17430,6099,60930
"2015","0805","1",496700,377100,16863,3040,1360,12114
"2016","0805","1",497000,382500,16916,3139,1406,12168
"2017","0805","1",508500,390800,17078,3219,1411,12184
"2015","0805","2",326000,227300,17286,3369,1230,11832
"2016","0805","2",332800,234200,17378,3415,1219,11814
"2017","0805","2",342200,238900,17460,3476,1265,11786
"2015","0806","1",470900,353500,23838,4457,2107,18585
"2016","0806","1",477500,363900,23924,4625,2089,18605
"2017","0806","1",485300,368400,24184,4780,2101,18613
"2015","0806","2",328800,230000,24706,5026,2119,17818
"2016","0806","2",335400,236700,24718,5169,2074,17961
"2017","0806","2",342200,239100,24913,5269,2111,17936
"2015","0807","1",460600,342600,4582,1158,472,4843
"2016","0807","1",440800,327500,4632,1174,495,4835
"2017","0807","1",454200,337200,4647,1200,485,4800
"2015","0807","2",321400,222500,4649,1329,417,4622
"2016","0807","2",326700,227900,4698,1362,426,4610
"2017","0807","2",336100,234200,4724,1363,415,4571
"2015","0814","1",508500,385000,5743,1392,443,5855
"2016","0814","1",512300,393700,5866,1442,441,5793
"2017","0814","1",517900,395300,5877,1466,479,5792
"2015","0814","2",317800,221500,5711,1267,441,5536
"2016","0814","2",328000,231000,5827,1330,460,5506
"2017","0814","2",338000,237800,5876,1371,513,5537
"2015","0815","1",449000,331500,3912,1103,356,3983
"2016","0815","1",450100,334300,3925,1145,349,3925
"2017","0815","1",470100,350800,3920,1172,332,3880
"2015","0815","2",305200,209600,4062,1130,320,3740
"2016","0815","2",312600,216700,4062,1173,319,3714
"2017","0815","2",320100,220400,4108,1218,308,3718
"2015","09","1",495400,370500,41401,9504,4046,47982
"2016","09","1",496000,378000,41848,9807,4032,48230
"2017","09","1",486500,366000,42723,10100,4044,48177
"2015","09","2",318500,219900,42049,9740,3707,46462
"2016","09","2",325700,226700,42447,10024,3788,46746
"2017","09","2",333700,231000,43174,10292,3788,46879
"2015","0904","1",527000,398900,9370,1626,1022,9166
"2016","0904","1",577100,459000,9551,1689,1049,9311
"2017","0904","1",492500,373500,9791,1732,1004,9236
"2015","0904","2",318200,218900,9378,1706,820,9068
"2016","0904","2",330900,230500,9518,1764,869,9196
"2017","0904","2",335300,233200,9707,1831,871,9153
"2015","0906","1",495600,372100,19088,3607,1446,18118
"2016","0906","1",487200,370500,19108,3711,1428,18004
"2017","0906","1",492100,373200,19281,3848,1424,18008
"2015","0906","2",328700,228500,19466,3818,1415,17663
"2016","0906","2",335800,235700,19502,3931,1391,17649
"2017","0906","2",343300,239300,19564,4030,1368,17733
"2015","0926","1",541800,410900,3817,877,370,4470
"2016","0926","1",521900,398600,3907,903,415,4543
"2017","0926","1",525700,401600,3981,930,465,4535
"2015","0926","2",333000,233000,3797,866,350,4298
"2016","0926","2",338400,238400,3903,884,392,4428
"2017","0926","2",354400,251400,3985,927,426,4458
"2015","10","1",508100,381200,73549,13315,7653,70647
"2016","10","1",491800,371800,74507,13785,7722,71453
"2017","10","1",506100,380100,75396,14198,7944,71554
"2015","10","2",318900,221300,74308,14508,7181,68831
"2016","10","2",325300,227600,75098,14938,7427,69605
"2017","10","2",335000,233500,75903,15256,7626,69800
"2015","1001","1",523200,397900,41923,5868,4607,30718
"2016","1001","1",499500,382500,42502,6120,4661,31252
"2017","1001","1",507800,391300,42989,6335,4852,31398
"2015","1001","2",332900,233300,42332,6718,4300,30513
"2016","1001","2",339700,240400,42872,6902,4465,31059
"2017","1001","2",349900,247600,43239,7108,4619,31183
"2015","1002","1",499600,373100,5813,1224,523,6440
"2016","1002","1",491700,371600,5875,1261,499,6483
"2017","1002","1",507500,385400,5931,1306,486,6523
"2015","1002","2",315100,218300,6056,1351,501,6428
"2016","1002","2",318200,221600,6068,1396,516,6440
"2017","1002","2",328800,228600,6099,1435,481,6442
"2015","1014","1",466800,335700,5802,931,482,5849
"2016","1014","1",459600,333400,5926,956,512,5926
"2017","1014","1",470900,342500,5970,984,529,5899
"2015","1014","2",290200,193600,5829,1066,441,5543
"2016","1014","2",299500,201600,5924,1106,447,5604
"2017","1014","2",309600,207300,5939,1107,476,5580
"2015","1018","1",536400,404200,4820,828,450,4707
"2016","1018","1",513300,390100,4845,862,428,4733
"2017","1018","1",604100,408800,4877,883,443,4693
"2015","1018","2",312500,214000,4833,815,447,4599
"2016","1018","2",320000,221700,4844,849,439,4601
"2017","1018","2",331000,228800,4886,876,435,4593
"2015","11","1",616100,479300,205911,30694,18518,182475
"2016","11","1",584300,456500,208531,32030,18502,184357
"2017","11","1",581800,452700,209528,33333,18318,184766
"2015","11","2",364800,263100,201377,31835,17041,176244
"2016","11","2",363400,262100,203854,32832,16930,177845
"2017","11","2",370500,265800,204948,33770,17083,178403
"2015","1101","1",563400,429300,6164,1151,420,6451
"2016","1101","1",540900,415600,6154,1202,430,6518
"2017","1101","1",538300,407700,6216,1245,424,6498
"2015","1101","2",324800,228300,6113,1199,420,6271
"2016","1101","2",326200,230000,6084,1233,424,6321
"2017","1101","2",335600,235000,6128,1287,392,6314
"2015","1102","1",623400,485300,34960,4236,3102,28981
"2016","1102","1",589500,461200,35757,4418,3109,29498
"2017","1102","1",586400,456500,36168,4656,3048,29788
"2015","1102","2",367600,264300,33904,4395,2880,27869
"2016","1102","2",365600,263400,34466,4527,2946,28324
"2017","1102","2",370900,265000,34788,4660,2885,28625
"2015","1103","1",693300,557700,65694,7964,6834,44379
"2016","1103","1",640300,514200,65910,8370,6893,44597
"2017","1103","1",631100,506400,65798,8728,6924,44408
"2015","1103","2",410400,305600,64754,8868,6304,43561
"2016","1103","2",404600,300200,65305,9121,6264,43744
"2017","1103","2",409900,303500,65511,9381,6480,43656
"2015","1106","1",517600,391400,17981,2575,1278,13162
"2016","1106","1",509400,389400,18339,2642,1383,13379
"2017","1106","1",516900,395700,18423,2736,1338,13475
"2015","1106","2",343800,243400,17528,2916,1116,12833
"2016","1106","2",343900,243600,17656,2994,1149,12985
"2017","1106","2",354300,250700,17808,3053,1170,13090
"2015","1119","1",544500,404500,7475,1203,583,7933
"2016","1119","1",515400,382700,7508,1247,588,8006
"2017","1119","1",526000,388200,7662,1293,569,8157
"2015","1119","2",330900,228800,7076,1149,558,7562
"2016","1119","2",335100,232000,7178,1196,504,7562
"2017","1119","2",342800,235300,7268,1226,526,7652
"2015","1120","1",592600,450200,7648,1177,630,7951
"2016","1120","1",558000,425400,7749,1233,649,8010
"2017","1120","1",563200,426700,7835,1278,637,8024
"2015","1120","2",348800,246600,7383,1127,580,7442
"2016","1120","2",344300,243100,7503,1182,598,7561
"2017","1120","2",350800,245900,7589,1213,593,7610
"2015","1121","1",608400,469300,8133,1159,661,7691
"2016","1121","1",570000,439100,8268,1234,626,7825
"2017","1121","1",566400,434700,8304,1270,682,7764
"2015","1121","2",362200,257100,7795,1162,614,7322
"2016","1121","2",365600,261100,7955,1208,583,7460
"2017","1121","2",372400,264300,8032,1268,620,7456
"2015","1122","1",564700,425300,5240,588,428,5188
"2016","1122","1",543500,413100,5376,635,453,5293
"2017","1122","1",542400,409200,5419,670,430,5236
"2015","1122","2",338800,235000,5053,578,394,4957
"2016","1122","2",342900,240800,5197,597,405,5066
"2017","1122","2",346000,241500,5217,614,408,5004
"2015","1124","1",735700,589900,11569,1554,989,10543
"2016","1124","1",673300,538900,11789,1625,973,10645
"2017","1124","1",674300,534700,11843,1712,953,10696
"2015","1124","2",399500,296800,11147,1466,891,10317
"2016","1124","2",396800,296100,11370,1535,930,10449
"2017","1124","2",399800,294900,11350,1617,892,10380
"2015","1127","1",669400,522700,4562,682,380,4348
"2016","1127","1",623100,494500,4651,723,388,4354
"2017","1127","1",601600,470100,4733,746,353,4414
"2015","1127","2",376600,273300,4472,726,360,4192
"2016","1127","2",370600,270300,4568,759,392,4245
"2017","1127","2",382300,278100,4649,768,378,4325
"2015","1130","1",577600,440200,5058,926,420,5395
"2016","1130","1",552200,424100,5118,978,402,5500
"2017","1130","1",548800,416800,5205,1006,440,5581
"2015","1130","2",314900,216700,5048,917,393,5265
"2016","1130","2",315400,216900,5049,925,395,5301
"2017","1130","2",324500,222100,5114,942,463,5344
"2015","1146","1",529200,394300,3237,825,325,4874
"2016","1146","1",551900,422800,3243,848,294,4890
"2017","1146","1",542500,407700,3128,860,327,4914
"2015","1146","2",325500,226200,3088,742,315,4507
"2016","1146","2",329400,229900,3172,791,302,4559
"2017","1146","2",345400,241800,3121,813,334,4589
"2015","1149","1",539500,407700,18840,3207,1088,18487
"2016","1149","1",527400,400400,19011,3314,1086,18608
"2017","1149","1",535900,407100,19047,3453,1019,18630
"2015","1149","2",308600,213700,18610,3208,993,18069
"2016","1149","2",311700,216100,18675,3305,948,18093
"2017","1149","2",320300,220200,18729,3380,888,18198
"2015","12","1",545900,418800,211772,37642,29121,179284
"2016","12","1",528600,408500,215719,38820,29102,182701
"2017","12","1",538700,416900,217920,40002,29201,183082
"2015","12","2",350700,249700,210357,40958,27117,172940
"2016","12","2",354000,253400,213647,41946,27105,176472
"2017","12","2",362600,258300,215599,42810,27259,176827
"2015","1201","1",556800,432100,134389,18244,20093,79495
"2016","1201","1",535000,419000,135814,18729,20187,81521
"2017","1201","1",547500,430300,136485,19235,20142,81134
"2015","1201","2",367200,264800,133413,21685,18637,78270
"2016","1201","2",370200,268600,134466,22052,18727,80470
"2017","1201","2",378700,273700,135255,22344,18754,79982
"2015","1219","1",638000,498200,3770,961,343,5247
"2016","1219","1",553600,418200,3790,997,358,5299
"2017","1219","1",550900,413800,3842,1044,351,5284
"2015","1219","2",298100,206600,3728,921,328,4853
"2016","1219","2",302500,210000,3719,956,315,4879
"2017","1219","2",313000,216700,3739,979,318,4893
"2015","1221","1",525700,398600,8873,1383,838,7549
"2016","1221","1",513700,392900,8896,1435,788,7600
"2017","1221","1",517600,394500,8909,1492,833,7607
"2015","1221","2",340500,240800,8574,1413,746,7293
"2016","1221","2",340200,240600,8661,1487,717,7358
"2017","1221","2",347800,244000,8706,1538,738,7389
"2015","1224","1",492300,367300,4181,1307,324,5363
"2016","1224","1",493300,370800,4303,1346,347,5430
"2017","1224","1",494900,369900,4157,1382,351,5383
"2015","1224","2",315400,218900,4251,1331,327,5146
"2016","1224","2",317700,220600,4291,1337,348,5159
"2017","1224","2",329300,228600,4121,1353,360,5137
"2015","1235","1",476200,357500,4064,1326,588,5447
"2016","1235","1",476600,360700,4125,1359,594,5485
"2017","1235","1",489800,371500,4230,1398,578,5478
"2015","1235","2",331700,236000,4321,1543,574,5135
"2016","1235","2",337700,240900,4424,1566,555,5149
"2017","1235","2",352400,250400,4515,1572,526,5162
"2015","1243","1",575100,439900,8156,1359,782,7937
"2016","1243","1",547800,420900,8617,1442,751,8261
"2017","1243","1",552200,423800,8868,1497,763,8329
"2015","1243","2",350500,246500,8061,1358,726,7678
"2016","1243","2",349100,246000,8460,1411,709,7984
"2017","1243","2",359800,252500,8681,1486,740,8103
"2015","1246","1",571200,436300,9118,1511,983,10467
"2016","1246","1",554400,426200,9587,1568,980,10609
"2017","1246","1",562600,434200,9783,1640,1017,10808
"2015","1246","2",351300,245900,8962,1431,978,10095
"2016","1246","2",352300,248200,9365,1498,971,10225
"2017","1246","2",362100,254400,9584,1582,998,10406
"2015","1247","1",527000,393200,12368,1906,1057,12228
"2016","1247","1",528000,398900,12637,1977,1084,12479
"2017","1247","1",532900,401300,12873,2055,1096,12656
"2015","1247","2",344300,238500,12124,1804,977,11771
"2016","1247","2",352100,246900,12395,1881,1014,12072
"2017","1247","2",357000,247600,12570,1936,993,12248
"2015","1263","1",535800,405300,3893,1299,602,6578
"2016","1263","1",526600,401700,4177,1375,577,6631
"2017","1263","1",529300,402000,4249,1447,587,6688
"2015","1263","2",337400,237300,3970,1236,579,6289
"2016","1263","2",336900,237400,4238,1286,552,6365
"2017","1263","2",341500,238700,4300,1356,554,6387
"2015","14","1",486700,362800,32902,9782,4619,43122
"2016","14","1",476500,357800,33329,10022,4569,43079
"2017","14","1",492600,371400,33972,10296,4785,43040
"2015","14","2",334500,236700,32748,10190,4351,40390
"2016","14","2",339300,241300,32991,10390,4319,40235
"2017","14","2",350900,248200,33415,10557,4469,40363
"2015","1401","1",530400,401300,5030,895,553,4690
"2016","1401","1",502400,382900,5076,931,495,4683
"2017","1401","1",512500,390400,5147,972,493,4651
"2015","1401","2",343800,242600,4841,890,463,4374
"2016","1401","2",347000,246400,4916,917,435,4349
"2017","1401","2",355300,250300,4939,943,467,4366
"2015","1432","1",532800,402700,5379,760,614,4423
"2016","1432","1",511600,388600,5452,787,601,4444
"2017","1432","1",524200,400200,5509,820,637,4424
"2015","1432","2",377200,270100,5448,828,645,4231
"2016","1432","2",382700,276000,5482,846,629,4258
"2017","1432","2",392500,282200,5503,883,612,4201
"2015","15","1",508300,377200,93354,22931,10132,105907
"2016","15","1",501800,377700,95090,23771,9984,106544
"2017","15","1",513400,386800,96166,24441,9863,106864
"2015","15","2",328700,229800,92273,23938,9119,100414
"2016","15","2",334700,235600,93622,24522,9162,101036
"2017","15","2",345000,241800,94590,25088,9055,101559
"2015","1502","1",520500,392600,11392,2226,1070,9192
"2016","1502","1",514800,394000,11712,2321,1102,9293
"2017","1502","1",516300,392600,11705,2422,1106,9265
"2015","1502","2",362100,258400,11546,2441,931,8912
"2016","1502","2",365900,261500,11773,2530,966,9027
"2017","1502","2",377500,269300,11761,2589,994,9059
"2015","1504","1",533100,396400,22563,3398,2417,17470
"2016","1504","1",521500,397400,22842,3522,2521,17630
"2017","1504","1",543900,418600,23188,3602,2580,17789
"2015","1504","2",349500,246300,21902,3777,2120,16833
"2016","1504","2",355400,252400,22088,3852,2214,16977
"2017","1504","2",367000,260800,22370,3937,2163,17183
"2015","1505","1",510100,380500,11193,2070,1141,8842
"2016","1505","1",496400,373100,11199,2153,1133,8897
"2017","1505","1",499200,374000,11213,2240,1069,8781
"2015","1505","2",332300,231200,11037,2178,1005,8406
"2016","1505","2",338500,238000,11041,2260,1031,8488
"2017","1505","2",344700,239600,11055,2327,987,8372
"2015","1520","1",492700,361900,3537,924,342,4539
"2016","1520","1",498900,374200,3601,945,333,4564
"2017","1520","1",500600,371400,3850,979,332,4610
"2015","1520","2",319600,222100,3510,1010,327,4284
"2016","1520","2",328400,230600,3537,1019,337,4311
"2017","1520","2",337000,234400,3799,1023,354,4375
"2015","16","1",499700,374200,123565,22705,18455,106944
"2016","16","1",504800,385400,125723,23503,18682,108193
"2017","16","1",513800,390600,128197,24156,19310,109636
"2015","16","2",346300,243600,122861,24836,16431,103111
"2016","16","2",353400,251000,124659,25388,16647,104279
"2017","16","2",367300,259700,126536,25871,17072,105630
"2015","1601","1",517000,393700,90141,11618,13884,54233
"2016","1601","1",519900,403600,91568,12070,14178,55348
"2017","1601","1",528000,408700,93333,12422,14838,56541
"2015","1601","2",361300,257100,88692,13438,12240,53394
"2016","1601","2",368300,265000,89894,13820,12577,54475
"2017","1601","2",382600,274100,91208,14132,12984,55650
"2015","1638","1",476700,346100,4037,1006,391,4798
"2016","1638","1",482800,357600,4085,1034,389,4805
"2017","1638","1",486000,355100,4149,1064,433,4811
"2015","1638","2",330300,228800,4175,1062,353,4595
"2016","1638","2",335700,233800,4204,1070,329,4584
"2017","1638","2",345900,238000,4250,1104,393,4587
"2015","1653","1",479600,348100,4922,1219,602,6759
"2016","1653","1",483600,357100,5022,1278,562,6753
"2017","1653","1",504600,374800,5079,1314,574,6769
"2015","1653","2",328000,225500,4926,1293,520,6310
"2016","1653","2",338900,234900,5065,1322,503,6404
"2017","1653","2",348500,239700,5083,1353,501,6388
"2015","1663","1",528000,396200,5877,904,528,5819
"2016","1663","1",535200,410000,5986,936,535,5922
"2017","1663","1",547100,416700,6093,953,545,5953
"2015","1663","2",361500,254800,5762,885,422,5583
"2016","1663","2",365600,259500,5905,897,452,5703
"2017","1663","2",388600,279200,5930,926,473,5720
"2015","17","1",449900,322900,39783,12280,5125,54975
"2016","17","1",456700,332600,40197,12770,5051,54882
"2017","17","1",474800,345900,41132,13173,5099,55065
"2015","17","2",320700,221200,41173,12859,4753,52258
"2016","17","2",329800,229400,41484,13170,4692,52139
"2017","17","2",342400,237000,42181,13423,4704,52058
"2015","1702","1",445900,319200,6750,1974,703,8702
"2016","1702","1",446000,324200,6818,2063,645,8602
"2017","1702","1",462400,335000,7003,2144,674,8672
"2015","1702","2",320400,220500,7058,2222,591,8245
"2016","1702","2",329400,228300,7131,2256,571,8177
"2017","1702","2",338800,233000,7233,2309,596,8216
"2015","1703","1",450000,327600,5210,1056,584,5165
"2016","1703","1",454400,335500,5168,1092,579,5167
"2017","1703","1",482400,359500,5224,1137,562,5173
"2015","1703","2",337600,234800,5382,1209,560,5058
"2016","1703","2",346500,242800,5403,1218,548,5054
"2017","1703","2",360300,252200,5396,1247,540,5013
"2015","1714","1",480200,348700,7726,1895,929,9473
"2016","1714","1",490800,364100,7851,1977,921,9607
"2017","1714","1",500400,370100,8133,2060,933,9704
"2015","1714","2",331000,228700,7912,1985,879,9123
"2016","1714","2",338300,236100,7964,2061,871,9228
"2017","1714","2",350700,244100,8157,2119,848,9224
"2015","1719","1",463600,336000,6274,1590,704,7575
"2016","1719","1",468900,344100,6353,1653,667,7563
"2017","1719","1",482100,351800,6451,1723,686,7616
"2015","1719","2",335100,234300,6642,1671,684,7415
"2016","1719","2",342600,240300,6731,1745,664,7395
"2017","1719","2",356500,249000,6893,1787,659,7442
"2015","1721","1",438500,313700,4884,1310,539,5703
"2016","1721","1",445800,322600,4943,1383,540,5673
"2017","1721","1",464000,334000,4946,1425,519,5664
"2015","1721","2",303000,203700,4969,1287,482,5270
"2016","1721","2",312300,211800,5001,1364,495,5289
"2017","1721","2",325400,220600,5025,1406,481,5269
"2015","18","1",459200,335300,84796,21721,11517,92462
"2016","18","1",462800,343000,84695,22430,11044,92636
"2017","18","1",477700,354900,85941,23038,11012,92399
"2015","18","2",334400,232700,85036,22894,10518,87815
"2016","18","2",342200,240200,84823,23420,10283,88016
"2017","18","2",354500,248300,85705,23751,10281,87482
"2015","1804","1",498700,370600,22631,3523,3142,16505
"2016","1804","1",502200,379700,22716,3670,3043,16604
"2017","1804","1",513100,388100,23004,3790,3008,16849
"2015","1804","2",370000,260200,22666,3749,2882,16079
"2016","1804","2",379600,270800,22820,3878,2849,16231
"2017","1804","2",390700,278500,23087,3965,2827,16385
"2015","1805","1",458400,336300,8503,1575,1086,7049
"2016","1805","1",475300,356800,8482,1631,1071,7023
"2017","1805","1",478400,356200,8460,1698,1117,7039
"2015","1805","2",338800,237100,8403,1799,880,6750
"2016","1805","2",350400,247800,8375,1841,861,6737
"2017","1805","2",359300,251500,8369,1836,863,6748
"2015","1824","1",446300,327400,4870,1288,485,5081
"2016","1824","1",445200,328300,4932,1338,428,5060
"2017","1824","1",464600,342200,4956,1373,418,5046
"2015","1824","2",341400,239900,4865,1308,395,4703
"2016","1824","2",344900,243200,4888,1352,394,4714
"2017","1824","2",355500,249300,4885,1374,380,4693
"2015","1833","1",461800,337600,10832,2222,902,9708
"2016","1833","1",458800,337700,10821,2321,854,9714
"2017","1833","1",474600,349300,10889,2379,898,9560
"2015","1833","2",340200,236200,10834,2401,838,8938
"2016","1833","2",343800,240100,10747,2430,810,8931
"2017","1833","2",353300,244600,10798,2484,872,8814
"2015","1860","1",450100,328200,3342,958,522,4429
"2016","1860","1",456700,337600,3357,988,498,4452
"2017","1860","1",468800,346600,3427,1009,528,4441
"2015","1860","2",321600,221600,3492,1015,490,4406
"2016","1860","2",328200,226900,3497,1033,496,4419
"2017","1860","2",343800,238000,3551,1045,496,4368
"2015","1870","1",473400,338700,3245,775,577,4078
"2016","1870","1",469700,341800,3299,819,569,4132
"2017","1870","1",484900,357400,3386,849,540,4197
"2015","1870","2",333200,228700,3355,858,561,3927
"2016","1870","2",338200,232700,3392,879,569,3929
"2017","1870","2",351900,243600,3461,905,525,3964
"2015","19","1",466200,342800,57056,12846,9713,59657
"2016","19","1",475400,356400,57780,13318,9651,60198
"2017","19","1",487800,364800,58924,13803,9554,60354
"2015","19","2",351700,246500,56633,13531,8762,57026
"2016","19","2",359000,253700,57079,13973,8633,57578
"2017","19","2",369900,260300,58052,14375,8732,57744
"2015","1902","1",489600,361800,32341,4291,5529,23722
"2016","1902","1",505400,383200,32756,4503,5440,24077
"2017","1902","1",515600,389900,33298,4691,5499,24460
"2015","1902","2",378100,266100,32105,4487,5013,23028
"2016","1902","2",385600,274100,32433,4715,4924,23463
"2017","1902","2",396700,281400,32983,4923,5054,23887
"2015","1903","1",478600,357000,10327,2040,1110,8778
"2016","1903","1",478400,361100,10363,2135,1168,8764
"2017","1903","1",493800,371800,10436,2225,1102,8821
"2015","1903","2",348000,245300,10443,2252,1022,8449
"2016","1903","2",357200,254200,10430,2329,1065,8422
"2017","1903","2",368500,260900,10517,2393,1019,8492
"2015","1931","1",476800,347300,3341,914,510,4658
"2016","1931","1",481300,360400,3430,927,437,4809
"2017","1931","1",491100,365600,3513,962,470,4832
"2015","1931","2",326000,225200,3295,1004,450,4451
"2016","1931","2",330300,229900,3333,1028,366,4582
"2017","1931","2",338500,233800,3339,1057,398,4577
"2015","20","1",431800,313500,29400,6043,4396,28855
"2016","20","1",442600,326200,29475,6205,4275,29003
"2017","20","1",454200,333700,29855,6364,4326,28877
"2015","20","2",346800,240800,28788,6045,4125,27120
"2016","20","2",355500,249000,28742,6248,4067,27241
"2017","20","2",365200,255100,29059,6425,4079,27252
"2015","2004","1",493600,364200,5065,725,576,3467
"2016","2004","1",500900,373900,5099,734,560,3505
"2017","2004","1",521500,392200,5084,740,586,3490
"2015","2004","2",377500,263100,4900,750,538,3238
"2016","2004","2",382700,269200,4933,774,510,3300
"2017","2004","2",396700,281500,5021,802,542,3365
"2015","2012","1",457300,330100,8036,1269,1392,7627
"2016","2012","1",465700,343200,8172,1306,1296,7713
"2017","2012","1",486300,359500,8339,1354,1322,7773
"2015","2012","2",345300,236200,8055,1251,1254,7156
"2016","2012","2",355100,246500,8178,1310,1268,7285
"2017","2012","2",363700,251300,8332,1378,1291,7387
"2015","2030","1",448000,327300,3892,767,530,3817
"2016","2030","1",452400,334700,3897,797,516,3819
"2017","2030","1",450700,328000,3910,811,498,3784
"2015","2030","2",357400,250000,3976,804,491,3799
"2016","2030","2",365300,257800,3975,827,489,3788
"2017","2030","2",372600,261100,3968,848,477,3744
"2015","50","1",0,0,0,0,0,0
"2016","50","1",0,0,0,0,0,0
"2017","50","1",0,0,0,0,0,0
"2015","50","2",0,0,0,0,0,0
"2016","50","2",0,0,0,0,0,0
"2017","50","2",0,0,0,0,0,0
"2015","5001","1",0,0,0,0,0,0
"2016","5001","1",0,0,0,0,0,0
"2017","5001","1",0,0,0,0,0,0
"2015","5001","2",0,0,0,0,0,0
"2016","5001","2",0,0,0,0,0,0
"2017","5001","2",0,0,0,0,0,0
"2015","5004","1",0,0,0,0,0,0
"2016","5004","1",0,0,0,0,0,0
"2017","5004","1",0,0,0,0,0,0
"2015","5004","2",0,0,0,0,0,0
"2016","5004","2",0,0,0,0,0,0
"2017","5004","2",0,0,0,0,0,0
"2015","5005","1",0,0,0,0,0,0
"2016","5005","1",0,0,0,0,0,0
"2017","5005","1",0,0,0,0,0,0
"2015","5005","2",0,0,0,0,0,0
"2016","5005","2",0,0,0,0,0,0
"2017","5005","2",0,0,0,0,0,0
"2015","5024","1",0,0,0,0,0,0
"2016","5024","1",0,0,0,0,0,0
"2017","5024","1",0,0,0,0,0,0
"2015","5024","2",0,0,0,0,0,0
"2016","5024","2",0,0,0,0,0,0
"2017","5024","2",0,0,0,0,0,0
"2015","5028","1",0,0,0,0,0,0
"2016","5028","1",0,0,0,0,0,0
"2017","5028","1",0,0,0,0,0,0
"2015","5028","2",0,0,0,0,0,0
"2016","5028","2",0,0,0,0,0,0
"2017","5028","2",0,0,0,0,0,0
"2015","5031","1",0,0,0,0,0,0
"2016","5031","1",0,0,0,0,0,0
"2017","5031","1",0,0,0,0,0,0
"2015","5031","2",0,0,0,0,0,0
"2016","5031","2",0,0,0,0,0,0
"2017","5031","2",0,0,0,0,0,0
"2015","5035","1",0,0,0,0,0,0
"2016","5035","1",0,0,0,0,0,0
"2017","5035","1",0,0,0,0,0,0
"2015","5035","2",0,0,0,0,0,0
"2016","5035","2",0,0,0,0,0,0
"2017","5035","2",0,0,0,0,0,0
"2015","5037","1",0,0,0,0,0,0
"2016","5037","1",0,0,0,0,0,0
"2017","5037","1",0,0,0,0,0,0
"2015","5037","2",0,0,0,0,0,0
"2016","5037","2",0,0,0,0,0,0
"2017","5037","2",0,0,0,0,0,0
"2015","5038","1",0,0,0,0,0,0
"2016","5038","1",0,0,0,0,0,0
"2017","5038","1",0,0,0,0,0,0
"2015","5038","2",0,0,0,0,0,0
"2016","5038","2",0,0,0,0,0,0
"2017","5038","2",0,0,0,0,0,0
"2015","5054","1",0,0,0,0,0,0
"2016","5054","1",0,0,0,0,0,0
"2017","5054","1",0,0,0,0,0,0
"2015","5054","2",0,0,0,0,0,0
"2016","5054","2",0,0,0,0,0,0
"2017","5054","2",0,0,0,0,0,0
